Episode,Total Steps,Episode Reward,Average Reward,Best Reward,Actor Loss,Critic Loss,Actor LR,Buffer Size
1,81,0.14999999999991864,0.14999999999991864,0.14999999999991864,0,0,3e-05,81
2,154,3.1499999999999373,1.649999999999928,3.1499999999999373,0,0,3e-05,154
3,239,-0.8000000000000833,0.8333333333332575,3.1499999999999373,0,0,3e-05,239
4,299,-0.5000000000000506,0.4999999999999305,3.1499999999999373,0,0,3e-05,299
5,361,-0.15000000000005276,0.3699999999999338,3.1499999999999373,0,0,3e-05,361
6,424,0.29999999999994653,0.3583333333332693,3.1499999999999373,0,0,3e-05,424
7,504,1.349999999999926,0.49999999999993455,3.1499999999999373,0,0,3e-05,504
8,576,2.699999999999938,0.774999999999935,3.1499999999999373,0,0,3e-05,576
9,650,3.59999999999994,1.0888888888888244,3.59999999999994,0,0,3e-05,650
10,722,2.699999999999938,1.2499999999999356,3.59999999999994,0,0,3e-05,722
11,790,1.4499999999999416,1.2681818181817546,3.59999999999994,0,0,3e-05,790
12,874,0.9499999999999202,1.2416666666666016,3.59999999999994,0,0,3e-05,874
13,958,2.6000000000001524,1.346153846153798,3.59999999999994,0,0,3e-05,958
14,1034,5.050000000000175,1.6107142857142536,5.050000000000175,0,0,3e-05,1034
15,1104,2.3499999999999437,1.6599999999999662,5.050000000000175,0,0,3e-05,1104
16,1170,1.0999999999999472,1.624999999999965,5.050000000000175,0,0,3e-05,1170
17,1242,2.699999999999938,1.6882352941176104,5.050000000000175,0,0,3e-05,1242
18,1317,3.499999999999935,1.7888888888888508,5.050000000000175,0,0,3e-05,1317
19,1394,4.400000000000172,1.926315789473657,5.050000000000175,0,0,3e-05,1394
20,1469,3.500000000000134,2.004999999999981,5.050000000000175,0,0,3e-05,1469
21,1537,1.4499999999999442,1.9785714285714078,5.050000000000175,0,0,3e-05,1537
22,1611,3.59999999999994,2.0522727272727046,5.050000000000175,0,0,3e-05,1611
23,1693,5.750000000000174,2.2130434782608557,5.750000000000174,0,0,3e-05,1693
24,1761,1.4499999999999416,2.181249999999984,5.750000000000174,0,0,3e-05,1761
25,1824,0.29999999999994653,2.1059999999999826,5.750000000000174,0,0,3e-05,1824
26,1889,0.6499999999999426,2.049999999999981,5.750000000000174,0,0,3e-05,1889
27,1964,1.8499999999999366,2.042592592592572,5.750000000000174,0,0,3e-05,1964
28,2026,-0.1500000000000492,1.9642857142856927,5.750000000000174,0,0,3e-05,2026
29,2131,17.55000000000025,2.501724137931022,17.55000000000025,0,0,3e-05,2131
30,2226,1.4999999999999103,2.4683333333333186,17.55000000000025,0,0,3e-05,2226
31,2303,3.8499999999999366,2.5129032258064354,17.55000000000025,0,0,3e-05,2303
32,2368,0.649999999999948,2.4546874999999826,17.55000000000025,0,0,3e-05,2368
33,2433,0.6499999999999444,2.3999999999999817,17.55000000000025,0,0,3e-05,2433
34,2489,-1.2000000000000464,2.2941176470588043,17.55000000000025,0,0,3e-05,2489
35,2564,3.49999999999996,2.3285714285714088,17.55000000000025,0,0,3e-05,2564
36,2637,2.59999999999994,2.33611111111109,17.55000000000025,0,0,3e-05,2637
37,2715,3.7500000000001696,2.3743243243243084,17.55000000000025,0,0,3e-05,2715
38,2790,4.59999999999994,2.4328947368420883,17.55000000000025,0,0,3e-05,2790
39,2852,-0.1500000000000572,2.3666666666666485,17.55000000000025,0,0,3e-05,2852
40,2927,3.500000000000152,2.3949999999999863,17.55000000000025,0,0,3e-05,2927
41,3000,3.1499999999999373,2.413414634146326,17.55000000000025,0,0,3e-05,3000
42,3118,4.700000000000314,2.4678571428571354,17.55000000000025,0,0,3e-05,3118
43,3187,1.8999999999999408,2.454651162790689,17.55000000000025,0,0,3e-05,3187
44,3261,3.59999999999994,2.480681818181808,17.55000000000025,0,0,3e-05,3261
45,3340,3.6500000000001718,2.506666666666661,17.55000000000025,0,0,3e-05,3340
46,3405,0.6499999999999444,2.4663043478260804,17.55000000000025,0,0,3e-05,3405
47,3475,2.349999999999941,2.4638297872340345,17.55000000000025,0,0,3e-05,3475
48,3549,3.59999999999994,2.4874999999999914,17.55000000000025,0,0,3e-05,3549
49,3614,0.6499999999999444,2.4499999999999904,17.55000000000025,0,0,3e-05,3614
50,3712,1.7500000000000737,2.435999999999992,17.55000000000025,0,0,3e-05,3712
51,3784,2.6999999999999584,2.4411764705882266,17.55000000000025,0,0,3e-05,3784
52,3860,4.500000000000177,2.480769230769226,17.55000000000025,0,0,3e-05,3860
53,3946,0.1999999999999167,2.437735849056597,17.55000000000025,0,0,3e-05,3946
54,4018,2.699999999999938,2.4425925925925847,17.55000000000025,0,0,3e-05,4018
55,4081,0.29999999999994653,2.4036363636363554,17.55000000000025,0,0,3e-05,4081
56,4159,0.9999999999999316,2.378571428571419,17.55000000000025,0,0,3e-05,4159
57,4229,2.34999999999994,2.3780701754385856,17.55000000000025,0,0,3e-05,4229
58,4311,2.2499999999999245,2.375862068965505,17.55000000000025,0,0,3e-05,4311
59,4402,0.799999999999911,2.3491525423728676,17.55000000000025,0,0,3e-05,4402
60,4475,3.1499999999999373,2.3624999999999856,17.55000000000025,0,0,3e-05,4475
61,4564,-0.10000000000008402,2.3221311475409685,17.55000000000025,0,0,3e-05,4564
62,4634,2.34999999999994,2.3225806451612745,17.55000000000025,0,0,3e-05,4634
63,4699,0.649999999999948,2.2960317460317294,17.55000000000025,0,0,3e-05,4699
64,4774,4.050000000000025,2.3234374999999847,17.55000000000025,0,0,3e-05,4774
65,4853,1.999999999999928,2.318461538461522,17.55000000000025,0,0,3e-05,4853
66,4948,-2.3500000000000947,2.247727272727255,17.55000000000025,0,0,3e-05,4948
67,5023,4.049999999999939,2.2746268656716233,17.55000000000025,0,0,3e-05,5023
68,5098,3.499999999999935,2.29264705882351,17.55000000000025,0,0,3e-05,5098
69,5163,0.6499999999999444,2.268840579710125,17.55000000000025,0,0,3e-05,5163
70,5231,1.4499999999999416,2.2571428571428367,17.55000000000025,0,0,3e-05,5231
71,5305,4.150000000000165,2.283802816901391,17.55000000000025,0,0,3e-05,5305
72,5370,0.6499999999999462,2.2611111111110933,17.55000000000025,0,0,3e-05,5370
73,5443,3.1499999999999435,2.2732876712328585,17.55000000000025,0,0,3e-05,5443
74,5516,3.149999999999941,2.2851351351351163,17.55000000000025,0,0,3e-05,5516
75,5590,4.149999999999941,2.3099999999999805,17.55000000000025,0,0,3e-05,5590
76,5686,0.2999999999999057,2.2835526315789267,17.55000000000025,0,0,3e-05,5686
77,5759,3.149999999999939,2.294805194805174,17.55000000000025,0,0,3e-05,5759
78,5825,1.0999999999999437,2.279487179487158,17.55000000000025,0,0,3e-05,5825
79,5928,2.3500000000001497,2.2803797468354237,17.55000000000025,0,0,3e-05,5928
80,6003,3.4999999999999565,2.2956249999999807,17.55000000000025,0,0,3e-05,6003
81,6066,0.29999999999994653,2.270987654320968,17.55000000000025,0,0,3e-05,6066
82,6128,-0.15000000000005276,2.241463414634126,17.55000000000025,0,0,3e-05,6128
83,6204,3.949999999999938,2.2620481927710636,17.55000000000025,0,0,3e-05,6204
84,6297,10.50000000000023,2.3601190476190297,17.55000000000025,0,0,3e-05,6297
85,6396,3.8500000000000716,2.377647058823513,17.55000000000025,0,0,3e-05,6396
86,6470,4.700000000000165,2.404651162790683,17.55000000000025,0,0,3e-05,6470
87,6543,3.149999999999941,2.4132183908045826,17.55000000000025,0,0,3e-05,6543
88,6620,4.400000000000175,2.435795454545442,17.55000000000025,0,0,3e-05,6620
89,6694,4.150000000000136,2.45505617977527,17.55000000000025,0,0,3e-05,6694
90,6772,5.400000000000183,2.487777777777769,17.55000000000025,0,0,3e-05,6772
91,6857,4.150000000000174,2.5060439560439494,17.55000000000025,0,0,3e-05,6857
92,6929,1.5999999999999366,2.4961956521739057,17.55000000000025,0,0,3e-05,6929
93,6992,0.29999999999994653,2.4725806451612824,17.55000000000025,0,0,3e-05,6992
94,7083,10.700000000000205,2.560106382978718,17.55000000000025,0,0,3e-05,7083
95,7160,2.1999999999999345,2.556315789473678,17.55000000000025,0,0,3e-05,7160
96,7234,3.0499999999999394,2.561458333333326,17.55000000000025,0,0,3e-05,7234
97,7307,3.1499999999999373,2.5675257731958685,17.55000000000025,0,0,3e-05,7307
98,7379,2.699999999999938,2.5688775510203996,17.55000000000025,0,0,3e-05,7379
99,7451,2.699999999999938,2.5702020202020113,17.55000000000025,0,0,3e-05,7451
100,7549,11.10000000000025,2.6554999999999938,17.55000000000025,0,0,3e-05,7549
101,7615,1.0999999999999437,2.664999999999994,17.55000000000025,0,0,3e-05,7615
102,7688,3.1499999999999657,2.6649999999999947,17.55000000000025,0,0,3e-05,7688
103,7753,0.6499999999999471,2.6794999999999947,17.55000000000025,0,0,3e-05,7753
104,7840,-1.5500000000000833,2.6689999999999943,17.55000000000025,0,0,3e-05,7840
105,7919,1.449999999999931,2.6849999999999943,17.55000000000025,0,0,3e-05,7919
106,8006,3.949999999999924,2.7214999999999936,17.55000000000025,0,0,3e-05,8006
107,8081,4.599999999999943,2.7539999999999947,17.55000000000025,0,0,3e-05,8081
108,8143,-0.1500000000000492,2.725499999999995,17.55000000000025,0,0,3e-05,8143
109,8226,1.5999999999999224,2.7054999999999945,17.55000000000025,0,0,3e-05,8226
110,8306,3.5499999999999288,2.713999999999994,17.55000000000025,0,0,3e-05,8306
111,8378,2.6999999999999442,2.726499999999994,17.55000000000025,0,0,3e-05,8378
112,8452,3.049999999999936,2.7474999999999943,17.55000000000025,0,0,3e-05,8452
113,8527,3.499999999999935,2.7564999999999924,17.55000000000025,0,0,3e-05,8527
114,8600,3.149999999999941,2.7374999999999896,17.55000000000025,0,0,3e-05,8600
115,8676,3.9500000000001654,2.753499999999992,17.55000000000025,0,0,3e-05,8676
116,8753,4.950000000000177,2.7919999999999936,17.55000000000025,0,0,3e-05,8753
117,8815,-0.1500000000000492,2.7634999999999947,17.55000000000025,0,0,3e-05,8815
118,8891,3.950000000000098,2.7679999999999962,17.55000000000025,0,0,3e-05,8891
119,8980,9.80000000000021,2.821999999999996,17.55000000000025,0,0,3e-05,8980
120,9050,2.3499999999999437,2.8104999999999944,17.55000000000025,0,0,3e-05,9050
121,9122,2.6999999999999416,2.8229999999999946,17.55000000000025,0,0,3e-05,9122
122,9205,2.699999999999924,2.8139999999999947,17.55000000000025,0,0,3e-05,9205
123,9278,3.1499999999999764,2.7879999999999923,17.55000000000025,0,0,3e-05,9278
124,9354,3.949999999999938,2.812999999999992,17.55000000000025,0,0,3e-05,9354
125,9431,2.1999999999999345,2.8319999999999914,17.55000000000025,0,0,3e-05,9431
126,9523,13.45000000000018,2.959999999999994,17.55000000000025,0,0,3e-05,9523
127,9600,3.299999999999975,2.974499999999994,17.55000000000025,0,0,3e-05,9600
128,9670,2.34999999999994,2.999499999999994,17.55000000000025,0,0,3e-05,9670
129,9736,1.0999999999999437,2.834999999999992,17.55000000000025,0,0,3e-05,9736
130,9799,0.29999999999994653,2.822999999999992,17.55000000000025,0,0,3e-05,9799
131,9873,4.1500000000000545,2.825999999999994,17.55000000000025,0,0,3e-05,9873
132,9943,2.3499999999999357,2.842999999999993,17.55000000000025,0,0,3e-05,9943
133,10020,4.9500000000001805,2.8859999999999952,17.55000000000025,0,4.355794906616211,3e-05,10020
134,10067,-2.499999999999984,2.872999999999995,17.55000000000025,-17.720129013061523,4.371305465698242,3e-05,10067
135,10117,-2.249999999999991,2.815499999999996,17.55000000000025,-17.912839889526367,4.784877777099609,3e-05,10117
136,10178,-0.6000000000000485,2.783499999999996,17.55000000000025,0,4.671014785766602,3e-05,10178
137,10258,1.349999999999926,2.7594999999999943,17.55000000000025,0,4.793778419494629,3e-05,10258
138,10354,3.050000000000142,2.7439999999999958,17.55000000000025,0,4.321138381958008,3e-05,10354
139,10447,5.000000000000181,2.7954999999999983,17.55000000000025,-17.575782775878906,4.844831466674805,3e-05,10447
140,10497,-2.249999999999983,2.737999999999997,17.55000000000025,-18.063329696655273,3.9221670627593994,3e-05,10497
141,10547,-2.249999999999983,2.6839999999999975,17.55000000000025,-17.79187774658203,4.623699188232422,3e-05,10547
142,10601,-1.5500000000000442,2.621499999999994,17.55000000000025,-17.739377975463867,4.779553413391113,3e-05,10601
143,10733,1.1000000000004597,2.6134999999999993,17.55000000000025,-17.88701820373535,4.498838424682617,3e-05,10733
144,10788,-1.6500000000000368,2.5609999999999995,17.55000000000025,0,4.930592060089111,3e-05,10788
145,10847,-0.9500000000000499,2.514999999999998,17.55000000000025,-17.763280868530273,4.920285224914551,3e-05,10847
146,10902,-1.649999999999995,2.491999999999998,17.55000000000025,0,4.9229736328125,3e-05,10902
147,10978,-2.1000000000000734,2.447499999999998,17.55000000000025,0,4.897060394287109,3e-05,10978
148,11043,0.09999999999994369,2.412499999999998,17.55000000000025,-17.84034538269043,5.031125068664551,3e-05,11043
149,11093,-2.250000000000022,2.3834999999999984,17.55000000000025,-17.97360610961914,4.352412700653076,3e-05,11093
150,11176,-3.900000000000051,2.326999999999997,17.55000000000025,0,4.793827056884766,3e-05,11176
151,11259,-2.8000000000000833,2.2719999999999962,17.55000000000025,-17.752933502197266,4.654702663421631,3e-05,11259
152,11309,-2.249999999999983,2.204499999999995,17.55000000000025,-17.778507232666016,4.846901893615723,3e-05,11309
153,11417,-3.650000000000113,2.1659999999999946,17.55000000000025,-17.76511001586914,4.325966835021973,3e-05,11417
154,11502,-0.2500000000000826,2.1364999999999945,17.55000000000025,0,4.392870903015137,3e-05,11502
155,11557,-1.6500000000000306,2.116999999999995,17.55000000000025,-17.51708221435547,4.4768452644348145,3e-05,11557
156,11646,-2.8500000000000894,2.0784999999999947,17.55000000000025,0,4.462308406829834,3e-05,11646
157,11717,1.1499999999999373,2.066499999999995,17.55000000000025,-17.827682495117188,5.070915699005127,3e-05,11717
158,11776,-0.9500000000000455,2.0344999999999955,17.55000000000025,0,4.630993843078613,3e-05,11776
159,11873,1.2999999999999785,2.039499999999996,17.55000000000025,-17.831356048583984,4.1995134353637695,3e-05,11873
160,11926,-1.9999999999999956,1.9879999999999967,17.55000000000025,0,4.473694324493408,3e-05,11926
161,11979,-2.000000000000017,1.968999999999997,17.55000000000025,-17.962448120117188,4.375179290771484,3e-05,11979
162,12070,0.2499999999999103,1.9479999999999966,17.55000000000025,0,4.506636619567871,3e-05,12070
163,12125,-1.6500000000000457,1.924999999999997,17.55000000000025,-17.73410987854004,4.1041975021362305,3e-05,12125
164,12183,-1.95000000000005,1.864999999999996,17.55000000000025,-17.750043869018555,4.865344047546387,3e-05,12183
165,12235,-1.9000000000000057,1.8259999999999967,17.55000000000025,-17.85748863220215,4.18418025970459,3e-05,12235
166,12336,5.850000000000183,1.908,17.55000000000025,0,4.555351257324219,3e-05,12336
167,12383,-2.499999999999984,1.8425000000000005,17.55000000000025,-17.6202335357666,4.454610824584961,3e-05,12383
168,12437,-1.5500000000000442,1.7920000000000007,17.55000000000025,-17.786235809326172,4.5619401931762695,3e-05,12437
169,12487,-2.2500000000000027,1.7630000000000012,17.55000000000025,-17.939212799072266,4.061178207397461,3e-05,12487
170,12541,-1.5500000000000274,1.7330000000000014,17.55000000000025,-17.670162200927734,4.157735347747803,3e-05,12541
171,12601,-1.050000000000047,1.6809999999999994,17.55000000000025,-17.949195861816406,4.871847152709961,3e-05,12601
172,12671,1.7999999999999394,1.6924999999999988,17.55000000000025,-17.77452850341797,4.451227188110352,3e-05,12671
173,12723,-1.9000000000000332,1.641999999999999,17.55000000000025,-18.093252182006836,4.755349636077881,3e-05,12723
174,12779,-1.2000000000000464,1.5984999999999994,17.55000000000025,-17.893173217773438,4.297235012054443,3e-05,12779
175,12845,0.549999999999943,1.5624999999999998,17.55000000000025,-17.6746768951416,4.676638603210449,3e-05,12845
176,12904,-0.9500000000000481,1.55,17.55000000000025,0,4.2517242431640625,3e-05,12904
177,12981,3.8500000000000467,1.5570000000000013,17.55000000000025,-17.95827865600586,4.281396865844727,3e-05,12981
178,13033,-1.900000000000019,1.5270000000000017,17.55000000000025,-18.01827621459961,4.503870964050293,3e-05,13033
179,13088,-1.6500000000000457,1.4869999999999999,17.55000000000025,0,4.739731788635254,3e-05,13088
180,13163,2.9499999999999345,1.4814999999999996,17.55000000000025,-17.74379539489746,4.134381294250488,3e-05,13163
181,13257,-3.900000000000067,1.4394999999999993,17.55000000000025,-17.66263198852539,4.66412353515625,3e-05,13257
182,13321,0.1999999999999451,1.442999999999999,17.55000000000025,-17.626056671142578,4.161191463470459,3e-05,13321
183,13375,-1.550000000000007,1.3879999999999992,17.55000000000025,-17.746950149536133,4.493525981903076,3e-05,13375
184,13449,0.8499999999999366,1.2914999999999965,17.55000000000025,-17.91545295715332,4.635256767272949,3e-05,13449
185,13526,-2.7500000000000746,1.2254999999999954,17.55000000000025,0,4.204936504364014,3e-05,13526
186,13573,-2.499999999999984,1.1534999999999938,17.55000000000025,-17.961530685424805,4.084264755249023,3e-05,13573
187,13633,-0.5000000000000506,1.116999999999994,17.55000000000025,-17.548789978027344,4.724018096923828,3e-05,13633
188,13733,4.300000000000153,1.1159999999999937,17.55000000000025,-18.058500289916992,4.24921989440918,3e-05,13733
189,13806,-0.7000000000000668,1.0674999999999915,17.55000000000025,0,4.3941850662231445,3e-05,13806
190,13853,-2.499999999999984,0.9884999999999898,17.55000000000025,-17.673980712890625,5.043438911437988,3e-05,13853
191,13912,-0.9500000000000499,0.9374999999999877,17.55000000000025,0,4.820312023162842,3e-05,13912
192,13976,0.1999999999999451,0.9234999999999878,17.55000000000025,0,4.6110615730285645,3e-05,13976
193,14089,1.3500000000001497,0.9339999999999898,17.55000000000025,-17.864988327026367,4.187354564666748,3e-05,14089
194,14140,-2.3499999999999845,0.8034999999999879,17.55000000000025,0,5.039902687072754,3e-05,14140
195,14223,2.1499999999999275,0.802999999999988,17.55000000000025,-17.876354217529297,4.907033443450928,3e-05,14223
196,14284,-0.600000000000052,0.7664999999999879,17.55000000000025,0,5.080585956573486,3e-05,14284
197,14334,-2.250000000000024,0.7124999999999884,17.55000000000025,0,3.8752851486206055,3e-05,14334
198,14429,-1.8000000000000975,0.6674999999999878,17.55000000000025,-17.533349990844727,4.474145889282227,3e-05,14429
199,14491,-0.7000000000000526,0.633499999999988,17.55000000000025,-17.972644805908203,4.264931678771973,3e-05,14491
200,14550,-0.9500000000000464,0.512999999999985,17.55000000000025,0,4.48799991607666,3e-05,14550
201,14609,-0.9500000000000499,0.492499999999985,17.55000000000025,-17.998136520385742,4.504430770874023,3e-05,14609
202,14662,-2.0000000000000027,0.4409999999999853,17.55000000000025,0,4.006806373596191,3e-05,14662
203,14719,-1.3000000000000433,0.42149999999998544,17.55000000000025,-17.801185607910156,4.949978351593018,3e-05,14719
204,14769,-2.249999999999986,0.4144999999999864,17.55000000000025,-17.795204162597656,4.661534309387207,3e-05,14769
205,14821,-1.8999999999999941,0.3809999999999871,17.55000000000025,-17.799209594726562,4.92098331451416,3e-05,14821
206,14873,-1.9000000000000083,0.3224999999999878,17.55000000000025,-18.03057289123535,4.907946586608887,3e-05,14873
207,14966,0.04999999999990745,0.2769999999999874,17.55000000000025,0,4.48225212097168,3e-05,14966
208,15016,-2.2499999999999876,0.255999999999988,17.55000000000025,0,4.5400166511535645,3e-05,15016
209,15090,-0.2500000000000675,0.2374999999999881,17.55000000000025,0,4.499852180480957,3e-05,15090
210,15145,-1.650000000000027,0.1854999999999885,17.55000000000025,-17.708040237426758,4.706299304962158,3e-05,15145
211,15243,-2.650000000000099,0.13199999999998813,17.55000000000025,-17.929750442504883,4.713165760040283,3e-05,15243
212,15298,-1.6500000000000137,0.08499999999998863,17.55000000000025,0,4.578408241271973,3e-05,15298
213,15364,0.549999999999943,0.05549999999998872,17.55000000000025,0,3.8761603832244873,3e-05,15364
214,15451,1.1999999999999655,0.03599999999998894,17.55000000000025,-18.03167724609375,4.237628936767578,3e-05,15451
215,15505,-1.5500000000000433,-0.019000000000013166,17.55000000000025,-17.797405242919922,4.023622512817383,3e-05,15505
216,15552,-2.499999999999984,-0.0935000000000148,17.55000000000025,0,4.5224409103393555,3e-05,15552
217,15639,-4.8500000000000405,-0.1405000000000147,17.55000000000025,-18.064088821411133,4.551846504211426,3e-05,15639
218,15692,-2.0000000000000178,-0.2000000000000159,17.55000000000025,0,4.381821155548096,3e-05,15692
219,15813,-6.600000000000059,-0.36400000000001853,17.55000000000025,-17.997089385986328,5.362867832183838,3e-05,15813
220,15870,-1.300000000000046,-0.40050000000001845,17.55000000000025,0,4.303286552429199,3e-05,15870
221,15936,-5.3290705182007514e-14,-0.4275000000000185,17.55000000000025,0,4.8139142990112305,3e-05,15936
222,15989,-2.000000000000032,-0.4745000000000179,17.55000000000025,-17.731769561767578,4.439361572265625,3e-05,15989
223,16042,-1.9999999999999973,-0.5260000000000177,17.55000000000025,0,4.502233505249023,3e-05,16042
224,16089,-2.499999999999984,-0.5905000000000169,17.55000000000025,-17.79206657409668,4.299661636352539,3e-05,16089
225,16139,-2.249999999999983,-0.6350000000000161,17.55000000000025,-17.834959030151367,4.519784450531006,3e-05,16139
226,16220,0.6999999999999238,-0.7625000000000187,17.55000000000025,0,4.15669584274292,3e-05,16220
227,16304,0.39999999999991953,-0.7915000000000192,17.55000000000025,0,4.84896183013916,3e-05,16304
228,16371,0.9999999999999458,-0.8050000000000191,17.55000000000025,-17.619503021240234,4.631802558898926,3e-05,16371
229,16456,4.700000000000204,-0.7690000000000167,17.55000000000025,0,4.5654096603393555,3e-05,16456
230,16506,-2.2500000000000018,-0.794500000000016,17.55000000000025,0,4.670346260070801,3e-05,16506
231,16601,-2.350000000000051,-0.859500000000017,17.55000000000025,-17.894948959350586,4.778882026672363,3e-05,16601
232,16656,-1.6500000000000457,-0.899500000000017,17.55000000000025,0,4.000905990600586,3e-05,16656
233,16708,-1.900000000000019,-0.9680000000000191,17.55000000000025,0,4.222107887268066,3e-05,16708
234,16792,1.4999999999999245,-0.9280000000000199,17.55000000000025,0,4.519122123718262,3e-05,16792
235,16868,3.3999999999999337,-0.8715000000000205,17.55000000000025,0,4.652562141418457,3e-05,16868
236,16918,-2.250000000000006,-0.8880000000000201,17.55000000000025,0,4.109825134277344,3e-05,16918
237,16996,-1.7500000000000755,-0.9190000000000201,17.55000000000025,0,4.885412216186523,3e-05,16996
238,17048,-1.9000000000000048,-0.9685000000000216,17.55000000000025,0,4.2586750984191895,3e-05,17048
239,17100,-1.8999999999999844,-1.037500000000023,17.55000000000025,0,4.753503322601318,3e-05,17100
240,17157,-1.300000000000047,-1.028000000000024,17.55000000000025,-18.010982513427734,4.904088973999023,3e-05,17157
241,17207,-2.249999999999985,-1.0280000000000238,17.55000000000025,-17.682573318481445,3.8208112716674805,3e-05,17207
242,17269,-0.15000000000005276,-1.014000000000024,17.55000000000025,-17.911996841430664,4.217486381530762,3e-05,17269
243,17332,-0.2500000000000533,-1.027500000000029,17.55000000000025,0,4.735204696655273,3e-05,17332
244,17420,-0.5500000000000878,-1.0165000000000297,17.55000000000025,0,4.395312309265137,3e-05,17420
245,17500,-1.9500000000000774,-1.02650000000003,17.55000000000025,0,4.54477596282959,3e-05,17500
246,17552,-1.9000000000000279,-1.0290000000000303,17.55000000000025,0,3.9888572692871094,3e-05,17552
247,17628,3.949999999999938,-0.9685000000000301,17.55000000000025,0,4.576694488525391,3e-05,17628
248,17691,-0.25000000000004974,-0.9720000000000303,17.55000000000025,-17.74639892578125,4.362555503845215,3e-05,17691
249,17748,-1.3000000000000478,-0.9625000000000306,17.55000000000025,0,4.169271469116211,3e-05,17748
250,17800,-1.9000000000000234,-0.9425000000000301,17.55000000000025,0,4.288475036621094,3e-05,17800
251,17862,-0.1500000000000492,-0.9160000000000297,17.55000000000025,0,4.760223388671875,3e-05,17862
252,17921,-0.9500000000000499,-0.9030000000000303,17.55000000000025,-17.76569175720215,4.195552825927734,3e-05,17921
253,17981,-0.5000000000000506,-0.8715000000000296,17.55000000000025,-17.580135345458984,3.902623176574707,3e-05,17981
254,18046,0.09999999999994547,-0.8680000000000294,17.55000000000025,0,4.404392242431641,3e-05,18046
255,18103,-1.3000000000000433,-0.8645000000000295,17.55000000000025,-18.026363372802734,4.470544815063477,3e-05,18103
256,18158,-1.6500000000000457,-0.8525000000000291,17.55000000000025,0,4.6267194747924805,3e-05,18158
257,18212,-1.5500000000000442,-0.8795000000000289,17.55000000000025,0,4.1984405517578125,3e-05,18212
258,18294,-1.0500000000000798,-0.8805000000000293,17.55000000000025,0,4.116559982299805,3e-05,18294
259,18382,-3.300000000000095,-0.9265000000000301,17.55000000000025,0,4.299796104431152,3e-05,18382
260,18454,2.1499999999999453,-0.8850000000000305,17.55000000000025,0,4.259885787963867,3e-05,18454
261,18529,1.849999999999933,-0.846500000000031,17.55000000000025,-17.878902435302734,4.086784362792969,3e-05,18529
262,18584,-1.6500000000000323,-0.8655000000000306,17.55000000000025,0,4.721431255340576,3e-05,18584
263,18653,1.3499999999999401,-0.8355000000000306,17.55000000000025,-17.941987991333008,4.297327518463135,3e-05,18653
264,18742,-3.4000000000000865,-0.850000000000031,17.55000000000025,0,4.098639965057373,3e-05,18742
265,18806,0.1999999999999451,-0.8290000000000316,17.55000000000025,0,4.0771894454956055,3e-05,18806
266,18859,-2.000000000000023,-0.9075000000000337,17.55000000000025,-17.946630477905273,4.221467018127441,3e-05,18859
267,18906,-2.499999999999984,-0.9075000000000337,17.55000000000025,0,4.963949680328369,3e-05,18906
268,18970,0.1999999999999451,-0.8900000000000337,17.55000000000025,0,4.476644515991211,3e-05,18970
269,19042,1.5999999999999366,-0.8515000000000343,17.55000000000025,0,4.420645236968994,3e-05,19042
270,19089,-2.499999999999984,-0.861000000000034,17.55000000000025,-17.982479095458984,4.7000813484191895,3e-05,19089
271,19146,-1.3000000000000478,-0.8635000000000339,17.55000000000025,0,4.322294235229492,3e-05,19146
272,19199,-2.000000000000024,-0.9015000000000336,17.55000000000025,-17.777881622314453,4.966009140014648,3e-05,19199
273,19256,-1.3000000000000442,-0.8955000000000336,17.55000000000025,0,4.985200881958008,3e-05,19256
274,19338,4.450000000000177,-0.8390000000000315,17.55000000000025,0,4.479658126831055,3e-05,19338
275,19394,-1.750000000000047,-0.8620000000000313,17.55000000000025,0,4.994018077850342,3e-05,19394
276,19456,-0.700000000000049,-0.8595000000000311,17.55000000000025,0,4.668183326721191,3e-05,19456
277,19536,1.3499999999999304,-0.8845000000000326,17.55000000000025,0,4.391366958618164,3e-05,19536
278,19598,-0.15000000000005276,-0.8670000000000327,17.55000000000025,0,4.431245803833008,3e-05,19598
279,19650,-1.9000000000000234,-0.8695000000000326,17.55000000000025,0,4.697571277618408,3e-05,19650
280,19722,2.149999999999941,-0.8775000000000326,17.55000000000025,0,4.348404884338379,3e-05,19722
281,19774,-1.9000000000000101,-0.857500000000032,17.55000000000025,0,4.344720840454102,3e-05,19774
282,19851,-2.2000000000000677,-0.8815000000000321,17.55000000000025,-17.729135513305664,4.769445419311523,3e-05,19851
283,19910,-0.9500000000000499,-0.8755000000000327,17.55000000000025,0,4.506319046020508,3e-05,19910
284,19962,-1.899999999999996,-0.9030000000000318,17.55000000000025,0,4.481649398803711,3e-05,19962
285,20018,-1.2000000000000464,-0.8875000000000314,17.55000000000025,0,4.261533737182617,3e-05,20018
286,20068,-2.2499999999999947,-0.8850000000000317,17.55000000000025,0,4.665942192077637,3e-05,20068
287,20127,-0.9500000000000464,-0.8895000000000317,17.55000000000025,-17.856983184814453,4.0279221534729,3e-05,20127
288,20209,-2.700000000000048,-0.9595000000000337,17.55000000000025,-18.012819290161133,4.739078521728516,3e-05,20209
289,20261,-1.9000000000000226,-0.9715000000000331,17.55000000000025,-17.85704803466797,4.231358528137207,3e-05,20261
290,20313,-1.900000000000042,-0.9655000000000338,17.55000000000025,-17.765785217285156,3.9433321952819824,3e-05,20313
291,20380,0.44999999999994245,-0.9515000000000339,17.55000000000025,0,3.5430450439453125,3e-05,20380
292,20474,-2.800000000000102,-0.9815000000000343,17.55000000000025,0,4.548891544342041,3e-05,20474
293,20531,-1.3000000000000442,-1.0080000000000362,17.55000000000025,-17.992748260498047,4.2893524169921875,3e-05,20531
294,20590,-0.9500000000000464,-0.9940000000000367,17.55000000000025,0,4.258642196655273,3e-05,20590
295,20687,-4.7500000000000835,-1.0630000000000368,17.55000000000025,-17.733901977539062,4.808509826660156,3e-05,20687
296,20767,-4.150000000000086,-1.0985000000000373,17.55000000000025,-17.86693572998047,3.539670944213867,3e-05,20767
297,20896,-7.400000000000153,-1.1500000000000385,17.55000000000025,0,4.008593559265137,3e-05,20896
298,20951,-1.65000000000002,-1.1485000000000378,17.55000000000025,-17.99574089050293,4.396025657653809,3e-05,20951
299,21008,-1.300000000000047,-1.1545000000000376,17.55000000000025,0,4.89467716217041,3e-05,21008
300,21080,1.5999999999999366,-1.1290000000000378,17.55000000000025,0,3.9851577281951904,3e-05,21080
301,21145,0.09999999999994369,-1.118500000000038,17.55000000000025,-17.819189071655273,4.618103981018066,3e-05,21145
302,21204,-0.9500000000000499,-1.1080000000000385,17.55000000000025,0,4.629289150238037,3e-05,21204
303,21256,-1.9000000000000385,-1.1140000000000385,17.55000000000025,0,4.488478660583496,3e-05,21256
304,21310,-1.550000000000039,-1.107000000000039,17.55000000000025,0,4.377285003662109,3e-05,21310
305,21367,-1.3000000000000478,-1.1010000000000395,17.55000000000025,-17.751794815063477,4.355966567993164,3e-05,21367
306,21439,2.149999999999933,-1.0605000000000402,17.55000000000025,-17.81460189819336,4.295986175537109,3e-05,21439
307,21505,0.5499999999999456,-1.0555000000000399,17.55000000000025,-17.76404571533203,4.85378360748291,3e-05,21505
308,21575,1.2499999999999396,-1.0205000000000404,17.55000000000025,-17.76642608642578,5.266644477844238,3e-05,21575
309,21634,-0.9500000000000508,-1.0275000000000403,17.55000000000025,0,4.077534198760986,3e-05,21634
310,21737,11.700000000000244,-0.8940000000000374,17.55000000000025,-17.5677547454834,4.724196910858154,3e-05,21737
311,21796,-0.9500000000000464,-0.877000000000037,17.55000000000025,0,4.908970832824707,3e-05,21796
312,21881,0.2999999999999199,-0.8575000000000376,17.55000000000025,-17.561084747314453,4.346869945526123,3e-05,21881
313,21934,-2.0000000000000293,-0.8830000000000373,17.55000000000025,0,4.237988471984863,3e-05,21934
314,21999,0.09999999999994369,-0.8940000000000375,17.55000000000025,-17.826499938964844,4.242435932159424,3e-05,21999
315,22052,-2.000000000000033,-0.8985000000000375,17.55000000000025,0,3.9549460411071777,3e-05,22052
316,22126,2.4999999999999387,-0.8485000000000383,17.55000000000025,0,4.04295539855957,3e-05,22126
317,22173,-2.499999999999984,-0.8250000000000377,17.55000000000025,-17.886289596557617,4.313051223754883,3e-05,22173
318,22230,-1.3000000000000478,-0.818000000000038,17.55000000000025,0,4.1541314125061035,3e-05,22230
319,22295,0.09999999999994369,-0.7510000000000382,17.55000000000025,-17.640621185302734,4.564192295074463,3e-05,22295
320,22356,-0.600000000000052,-0.7440000000000383,17.55000000000025,0,4.596035957336426,3e-05,22356
321,22411,-1.6500000000000457,-0.7605000000000381,17.55000000000025,-17.66086196899414,4.726163864135742,3e-05,22411
322,22544,-6.700000000000146,-0.8075000000000392,17.55000000000025,0,4.348626136779785,3e-05,22544
323,22594,-2.2500000000000027,-0.8100000000000392,17.55000000000025,0,4.462715148925781,3e-05,22594
324,22644,-2.249999999999983,-0.8075000000000391,17.55000000000025,0,4.849690914154053,3e-05,22644
325,22702,-0.8500000000000449,-0.7935000000000397,17.55000000000025,0,4.823162078857422,3e-05,22702
326,22789,-2.6500000000000883,-0.8270000000000399,17.55000000000025,-18.07876968383789,4.6530303955078125,3e-05,22789
327,22840,-2.3499999999999828,-0.854500000000039,17.55000000000025,0,4.491645336151123,3e-05,22840
328,22924,-3.450000000000082,-0.8990000000000393,17.55000000000025,0,4.714102745056152,3e-05,22924
329,22975,-2.3499999999999828,-0.969500000000041,17.55000000000025,-17.86374282836914,4.385252475738525,3e-05,22975
330,23030,-1.6500000000000448,-0.9635000000000414,17.55000000000025,0,4.513628005981445,3e-05,23030
331,23093,-0.25000000000004974,-0.9425000000000415,17.55000000000025,-17.851791381835938,4.008653163909912,3e-05,23093
332,23185,-1.500000000000096,-0.9410000000000421,17.55000000000025,-18.02181625366211,3.9944934844970703,3e-05,23185
333,23235,-2.249999999999983,-0.9445000000000416,17.55000000000025,-18.00275421142578,4.029052734375,3e-05,23235
334,23281,-2.3999999999999844,-0.9835000000000409,17.55000000000025,-17.86983299255371,4.244635581970215,3e-05,23281
335,23341,-0.5000000000000506,-1.0225000000000406,17.55000000000025,-17.705707550048828,4.639688491821289,3e-05,23341
336,23413,1.5999999999999366,-0.9840000000000413,17.55000000000025,-17.94512939453125,4.53941535949707,3e-05,23413
337,23474,-0.600000000000052,-0.9725000000000409,17.55000000000025,0,4.371232509613037,3e-05,23474
338,23526,-1.9000000000000101,-0.9725000000000411,17.55000000000025,0,4.533206462860107,3e-05,23526
339,23612,-1.4500000000000854,-0.9680000000000419,17.55000000000025,0,4.44096565246582,3e-05,23612
340,23659,-2.499999999999984,-0.9800000000000414,17.55000000000025,-17.89455795288086,4.5691728591918945,3e-05,23659
341,23750,-1.950000000000034,-0.9770000000000418,17.55000000000025,0,4.362318992614746,3e-05,23750
342,23800,-2.25000000000003,-0.9980000000000416,17.55000000000025,0,4.520681381225586,3e-05,23800
343,23852,-1.9000000000000012,-1.014500000000041,17.55000000000025,0,4.266798496246338,3e-05,23852
344,23961,-3.7500000000001172,-1.0465000000000415,17.55000000000025,-17.825319290161133,4.6768083572387695,3e-05,23961
345,24058,-4.750000000000084,-1.0745000000000415,17.55000000000025,0,4.379816055297852,3e-05,24058
346,24113,-1.65000000000005,-1.0720000000000416,17.55000000000025,-17.965620040893555,4.297844886779785,3e-05,24113
347,24167,-1.5500000000000442,-1.1270000000000413,17.55000000000025,-17.76832389831543,4.620637893676758,3e-05,24167
348,24219,-1.9000000000000243,-1.1435000000000413,17.55000000000025,-17.953454971313477,4.393030166625977,3e-05,24219
349,24274,-1.6500000000000457,-1.147000000000041,17.55000000000025,0,4.751463890075684,3e-05,24274
350,24360,6.2500000000001705,-1.0655000000000392,17.55000000000025,0,4.620173454284668,3e-05,24360
351,24410,-2.2499999999999893,-1.0865000000000387,17.55000000000025,0,4.292057514190674,3e-05,24410
352,24509,-1.1000000000001044,-1.0880000000000394,17.55000000000025,-17.85540771484375,4.106542587280273,3e-05,24509
353,24586,0.5499999999999341,-1.0775000000000392,17.55000000000025,0,5.201900959014893,3e-05,24586
354,24636,-2.2499999999999867,-1.1010000000000386,17.55000000000025,0,4.588998794555664,3e-05,24636
355,24697,-0.600000000000052,-1.0940000000000387,17.55000000000025,-17.931690216064453,4.562989234924316,3e-05,24697
356,24757,-0.5000000000000506,-1.0825000000000389,17.55000000000025,-17.854875564575195,4.837015151977539,3e-05,24757
357,24804,-2.499999999999994,-1.0920000000000385,17.55000000000025,0,4.483116149902344,3e-05,24804
358,24880,2.849999999999933,-1.0530000000000383,17.55000000000025,0,3.7150051593780518,3e-05,24880
359,24930,-2.250000000000007,-1.0425000000000373,17.55000000000025,0,4.974573135375977,3e-05,24930
360,24980,-2.2500000000000053,-1.0865000000000367,17.55000000000025,0,4.454336643218994,3e-05,24980
361,25039,-0.9500000000000499,-1.1145000000000365,17.55000000000025,-17.73255157470703,4.948634624481201,3e-05,25039
362,25115,0.09999999999993303,-1.0970000000000368,17.55000000000025,-17.8319091796875,4.6324687004089355,3e-05,25115
363,25162,-2.499999999999984,-1.1355000000000361,17.55000000000025,0,4.52464485168457,3e-05,25162
364,25248,6.800000000000196,-1.0335000000000334,17.55000000000025,0,4.333760738372803,3e-05,25248
365,25309,-0.6000000000000485,-1.0415000000000334,17.55000000000025,-17.88241195678711,4.510519027709961,3e-05,25309
366,25359,-2.2499999999999964,-1.0440000000000331,17.55000000000025,-17.915691375732422,3.7372634410858154,3e-05,25359
367,25411,-1.9000000000000288,-1.0380000000000336,17.55000000000025,-17.94892692565918,4.594313621520996,3e-05,25411
368,25492,4.550000000000185,-0.9945000000000311,17.55000000000025,0,4.072441577911377,3e-05,25492
369,25553,-0.600000000000052,-1.016500000000031,17.55000000000025,-17.6777400970459,4.216336250305176,3e-05,25553
370,25605,-1.9000000000000048,-1.0105000000000313,17.55000000000025,-17.688098907470703,4.494247913360596,3e-05,25605
371,25655,-2.249999999999983,-1.0200000000000307,17.55000000000025,-18.08855628967285,4.171603679656982,3e-05,25655
372,25722,0.9999999999999458,-0.990000000000031,17.55000000000025,0,4.506005764007568,3e-05,25722
373,25806,2.049999999999925,-0.9565000000000312,17.55000000000025,0,4.310985565185547,3e-05,25806
374,25856,-2.2500000000000053,-1.0235000000000332,17.55000000000025,0,4.659987449645996,3e-05,25856
375,25941,0.8499999999999188,-0.9975000000000334,17.55000000000025,-17.73649787902832,4.860815048217773,3e-05,25941
376,25995,-1.5500000000000487,-1.0060000000000335,17.55000000000025,-17.775924682617188,3.925365686416626,3e-05,25995
377,26070,-2.5500000000000727,-1.0450000000000332,17.55000000000025,0,4.263864517211914,3e-05,26070
378,26161,-2.500000000000089,-1.0685000000000338,17.55000000000025,-17.730649948120117,4.163594722747803,3e-05,26161
379,26208,-2.499999999999984,-1.0745000000000333,17.55000000000025,0,3.7796127796173096,3e-05,26208
380,26269,-0.600000000000052,-1.1020000000000332,17.55000000000025,-17.991304397583008,4.600687026977539,3e-05,26269
381,26342,1.4999999999999352,-1.0680000000000336,17.55000000000025,0,4.525012016296387,3e-05,26342
382,26399,-1.3000000000000433,-1.0590000000000335,17.55000000000025,-18.04096794128418,4.9839677810668945,3e-05,26399
383,26450,-2.3499999999999996,-1.073000000000033,17.55000000000025,0,4.562572479248047,3e-05,26450
384,26503,-2.000000000000014,-1.074000000000033,17.55000000000025,-17.956830978393555,4.104954719543457,3e-05,26503
385,26599,-4.100000000000067,-1.1030000000000333,17.55000000000025,-17.79566192626953,4.231637954711914,3e-05,26599
386,26649,-2.249999999999999,-1.1030000000000333,17.55000000000025,-17.838653564453125,4.572567939758301,3e-05,26649
387,26725,0.09999999999993392,-1.0925000000000336,17.55000000000025,-17.880340576171875,4.642789363861084,3e-05,26725
388,26775,-2.249999999999985,-1.088000000000033,17.55000000000025,-17.73361587524414,4.061371326446533,3e-05,26775
389,26830,-1.65000000000005,-1.0855000000000332,17.55000000000025,0,4.840171813964844,3e-05,26830
390,26877,-2.499999999999984,-1.0915000000000326,17.55000000000025,-18.0584716796875,4.554546356201172,3e-05,26877
391,26927,-2.249999999999983,-1.118500000000032,17.55000000000025,-17.8021183013916,4.281410217285156,3e-05,26927
392,26978,-2.350000000000003,-1.114000000000031,17.55000000000025,0,4.463515281677246,3e-05,26978
393,27030,-1.9000000000000234,-1.120000000000031,17.55000000000025,0,4.764168739318848,3e-05,27030
394,27108,3.2000000000001227,-1.0785000000000293,17.55000000000025,0,4.201308250427246,3e-05,27108
395,27180,1.5999999999999401,-1.015000000000029,17.55000000000025,0,4.525129795074463,3e-05,27180
396,27275,0.3999999999999089,-0.969500000000029,17.55000000000025,-17.859004974365234,4.206686973571777,3e-05,27275
397,27375,3.750000000000141,-0.8580000000000261,17.55000000000025,-17.8201904296875,4.154604911804199,3e-05,27375
398,27430,-1.65000000000002,-0.858000000000026,17.55000000000025,0,4.180783271789551,3e-05,27430
399,27501,2.2499999999999387,-0.8225000000000261,17.55000000000025,-17.690046310424805,4.480071544647217,3e-05,27501
400,27558,-1.3000000000000478,-0.8515000000000259,17.55000000000025,0,4.517594337463379,3e-05,27558
401,27629,1.699999999999938,-0.835500000000026,17.55000000000025,-17.947961807250977,4.174684524536133,3e-05,27629
402,27720,-0.3000000000000904,-0.8290000000000265,17.55000000000025,0,3.8908729553222656,3e-05,27720
403,27780,-0.5000000000000506,-0.8150000000000267,17.55000000000025,0,4.187380790710449,3e-05,27780
404,27837,-1.3000000000000442,-0.8125000000000268,17.55000000000025,-17.627281188964844,4.07672119140625,3e-05,27837
405,27894,-1.3000000000000478,-0.8125000000000269,17.55000000000025,0,4.527379989624023,3e-05,27894
406,27984,-0.7500000000000835,-0.8415000000000269,17.55000000000025,0,4.006748199462891,3e-05,27984
407,28039,-1.650000000000027,-0.8635000000000267,17.55000000000025,-17.84182357788086,4.7282586097717285,3e-05,28039
408,28094,-1.6500000000000457,-0.8925000000000263,17.55000000000025,0,4.488726615905762,3e-05,28094
409,28148,-1.5500000000000487,-0.8985000000000264,17.55000000000025,0,4.515819549560547,3e-05,28148
410,28213,0.09999999999994369,-1.0145000000000295,17.55000000000025,-17.76398277282715,4.336129665374756,3e-05,28213
411,28263,-2.249999999999983,-1.027500000000029,17.55000000000025,-17.970046997070312,4.829151153564453,3e-05,28263
412,28313,-2.2499999999999964,-1.053000000000028,17.55000000000025,-17.747228622436523,4.347448348999023,3e-05,28313
413,28387,3.049999999999936,-1.0025000000000284,17.55000000000025,-17.73118019104004,4.286336898803711,3e-05,28387
414,28474,-2.650000000000058,-1.0300000000000282,17.55000000000025,0,4.589753150939941,3e-05,28474
415,28521,-2.499999999999994,-1.035000000000028,17.55000000000025,-17.58537483215332,3.801783323287964,3e-05,28521
416,28601,4.649999999999963,-1.0135000000000276,17.55000000000025,-17.903602600097656,3.9038639068603516,3e-05,28601
417,28656,-1.6500000000000457,-1.0050000000000283,17.55000000000025,0,5.026859283447266,3e-05,28656
418,28708,-1.9000000000000217,-1.011000000000028,17.55000000000025,0,3.9038095474243164,3e-05,28708
419,28761,-2.000000000000033,-1.0320000000000276,17.55000000000025,-17.952537536621094,4.228426933288574,3e-05,28761
420,28813,-1.8999999999999888,-1.0450000000000272,17.55000000000025,-17.785661697387695,4.446186065673828,3e-05,28813
421,28887,3.5999999999999366,-0.9925000000000272,17.55000000000025,-17.869239807128906,3.8316006660461426,3e-05,28887
422,28942,-1.65000000000005,-0.9420000000000264,17.55000000000025,0,4.517455101013184,3e-05,28942
423,28994,-1.9000000000000234,-0.9385000000000264,17.55000000000025,0,4.862509250640869,3e-05,28994
424,29041,-2.499999999999984,-0.9410000000000264,17.55000000000025,-17.85553741455078,5.077042102813721,3e-05,29041
425,29113,2.1499999999999373,-0.9110000000000267,17.55000000000025,-17.9013671875,5.056351661682129,3e-05,29113
426,29200,3.9499999999999273,-0.8450000000000264,17.55000000000025,0,4.8500075340271,3e-05,29200
427,29304,7.200000000000273,-0.7495000000000239,17.55000000000025,0,4.138488292694092,3e-05,29304
428,29360,-1.750000000000047,-0.7325000000000235,17.55000000000025,0,4.465088844299316,3e-05,29360
429,29442,-1.6000000000000796,-0.7250000000000246,17.55000000000025,0,4.410665512084961,3e-05,29442
430,29495,-2.000000000000007,-0.7285000000000241,17.55000000000025,-17.620939254760742,4.26202392578125,3e-05,29495
431,29598,-3.7000000000001094,-0.7630000000000249,17.55000000000025,0,4.815738677978516,3e-05,29598
432,29652,-1.5500000000000442,-0.763500000000024,17.55000000000025,0,4.337106227874756,3e-05,29652
433,29721,1.3499999999999401,-0.727500000000025,17.55000000000025,-17.772140502929688,4.4686150550842285,3e-05,29721
434,29771,-2.249999999999983,-0.7260000000000251,17.55000000000025,-17.896915435791016,4.45383358001709,3e-05,29771
435,29821,-2.249999999999985,-0.7435000000000244,17.55000000000025,-17.880056381225586,5.363504409790039,3e-05,29821
436,29914,7.750000000000217,-0.6820000000000216,17.55000000000025,0,4.917196273803711,3e-05,29914
437,29973,-0.9500000000000499,-0.6855000000000215,17.55000000000025,-17.614540100097656,4.1291351318359375,3e-05,29973
438,30057,5.900000000000187,-0.6075000000000196,17.55000000000025,-18.05350112915039,5.0475873947143555,3e-05,30057
439,30126,1.3499999999999437,-0.5795000000000193,17.55000000000025,0,4.008321285247803,3e-05,30126
440,30215,-2.850000000000091,-0.5830000000000205,17.55000000000025,-17.838937759399414,3.3409485816955566,3e-05,30215
441,30284,1.3499999999999472,-0.5500000000000207,17.55000000000025,0,4.06162166595459,3e-05,30284
442,30339,-1.6500000000000457,-0.5440000000000209,17.55000000000025,-17.90445327758789,4.200892448425293,3e-05,30339
443,30474,-3.6000000000001515,-0.5610000000000224,17.55000000000025,0,4.406538963317871,3e-05,30474
444,30536,-0.15000000000004832,-0.5250000000000217,17.55000000000025,0,4.531728267669678,3e-05,30536
445,30600,0.1999999999999451,-0.47550000000002135,17.55000000000025,0,4.756414413452148,3e-05,30600
446,30655,-1.6500000000000457,-0.4755000000000213,17.55000000000025,-18.00672721862793,4.525153160095215,3e-05,30655
447,30741,-2.000000000000048,-0.4800000000000214,17.55000000000025,-17.920846939086914,4.6470794677734375,3e-05,30741
448,30819,3.7500000000000915,-0.42350000000002014,17.55000000000025,-17.78130531311035,4.34437370300293,3e-05,30819
449,30870,-2.3499999999999943,-0.43050000000001964,17.55000000000025,0,3.9752659797668457,3e-05,30870
450,30942,-0.05000000000006555,-0.493500000000022,17.55000000000025,0,4.474618911743164,3e-05,30942
451,31004,-0.1500000000000492,-0.47250000000002257,17.55000000000025,0,4.796391010284424,3e-05,31004
452,31095,5.20000000000017,-0.4095000000000198,17.55000000000025,-17.810819625854492,4.441446304321289,3e-05,31095
453,31145,-2.249999999999983,-0.4375000000000189,17.55000000000025,-17.81361198425293,5.144270420074463,3e-05,31145
454,31195,-2.249999999999993,-0.437500000000019,17.55000000000025,-17.88838768005371,4.51740026473999,3e-05,31195
455,31248,-2.0000000000000355,-0.45150000000001883,17.55000000000025,0,4.113670349121094,3e-05,31248
456,31298,-2.249999999999994,-0.4690000000000183,17.55000000000025,0,4.6000823974609375,3e-05,31298
457,31355,-1.300000000000047,-0.4570000000000188,17.55000000000025,-17.875492095947266,4.4934515953063965,3e-05,31355
458,31414,-0.9500000000000437,-0.49500000000001854,17.55000000000025,0,4.03459358215332,3e-05,31414
459,31469,-2.2000000000000055,-0.4945000000000185,17.55000000000025,-17.97332763671875,4.547845840454102,3e-05,31469
460,31521,-1.9000000000000004,-0.49100000000001853,17.55000000000025,-17.85137176513672,4.588089942932129,3e-05,31521
461,31578,-1.3000000000000442,-0.4945000000000185,17.55000000000025,0,4.236089706420898,3e-05,31578
462,31637,-0.9500000000000499,-0.5050000000000184,17.55000000000025,-17.93669891357422,4.132732391357422,3e-05,31637
463,31683,-2.3999999999999844,-0.5040000000000184,17.55000000000025,-18.053974151611328,4.465571403503418,3e-05,31683
464,31730,-2.499999999999984,-0.5970000000000203,17.55000000000025,0,4.26461124420166,3e-05,31730
465,31809,3.6500000000001727,-0.554500000000018,17.55000000000025,-17.6672306060791,4.305449485778809,3e-05,31809
466,31859,-2.2499999999999956,-0.554500000000018,17.55000000000025,-18.112842559814453,4.334157943725586,3e-05,31859
467,31918,-0.9500000000000499,-0.5450000000000181,17.55000000000025,0,4.579455852508545,3e-05,31918
468,31972,-1.5500000000000442,-0.6060000000000205,17.55000000000025,0,4.000572681427002,3e-05,31972
469,32076,-4.350000000000112,-0.6435000000000212,17.55000000000025,0,4.263912200927734,3e-05,32076
470,32133,-1.300000000000047,-0.6375000000000216,17.55000000000025,-17.71543312072754,4.525006294250488,3e-05,32133
471,32186,-2.000000000000009,-0.6350000000000218,17.55000000000025,0,4.247705459594727,3e-05,32186
472,32275,5.400000000000173,-0.5910000000000194,17.55000000000025,-17.941810607910156,4.619447708129883,3e-05,32275
473,32334,-0.9500000000000464,-0.6210000000000191,17.55000000000025,0,4.329917907714844,3e-05,32334
474,32391,-1.3000000000000478,-0.6115000000000196,17.55000000000025,-17.624919891357422,4.045676231384277,3e-05,32391
475,32460,-0.8500000000000574,-0.6285000000000194,17.55000000000025,0,4.2382283210754395,3e-05,32460
476,32514,-1.5500000000000442,-0.6285000000000194,17.55000000000025,0,4.889128684997559,3e-05,32514
477,32571,-1.3000000000000442,-0.6160000000000191,17.55000000000025,-17.8994083404541,4.3633952140808105,3e-05,32571
478,32640,0.799999999999943,-0.5830000000000188,17.55000000000025,0,4.613533020019531,3e-05,32640
479,32690,-2.2499999999999893,-0.5805000000000189,17.55000000000025,0,4.417398929595947,3e-05,32690
480,32743,-2.0000000000000266,-0.5945000000000187,17.55000000000025,-17.512447357177734,4.8036675453186035,3e-05,32743
481,32817,1.9499999999999353,-0.5900000000000186,17.55000000000025,-18.001401901245117,3.8916940689086914,3e-05,32817
482,32869,-1.9000000000000208,-0.5960000000000183,17.55000000000025,-17.82973861694336,4.327987194061279,3e-05,32869
483,32949,-3.600000000000028,-0.6085000000000186,17.55000000000025,-17.782135009765625,4.478830337524414,3e-05,32949
484,33003,-1.5500000000000442,-0.604000000000019,17.55000000000025,-17.70865821838379,4.960187911987305,3e-05,33003
485,33060,-1.300000000000046,-0.5760000000000187,17.55000000000025,0,4.138718128204346,3e-05,33060
486,33110,-2.250000000000001,-0.5760000000000187,17.55000000000025,0,4.5714945793151855,3e-05,33110
487,33162,-1.9000000000000172,-0.5960000000000182,17.55000000000025,0,4.012488842010498,3e-05,33162
488,33215,-2.0000000000000195,-0.5935000000000186,17.55000000000025,-17.85595703125,3.9463915824890137,3e-05,33215
489,33277,-0.15000000000005276,-0.5785000000000186,17.55000000000025,-17.833621978759766,4.380791664123535,3e-05,33277
490,33327,-2.249999999999983,-0.5760000000000187,17.55000000000025,-17.893417358398438,4.639148712158203,3e-05,33327
491,33384,-1.3000000000000478,-0.5665000000000193,17.55000000000025,0,4.750432968139648,3e-05,33384
492,33439,-1.6500000000000457,-0.5595000000000198,17.55000000000025,-17.983253479003906,4.6039886474609375,3e-05,33439
493,33509,1.7999999999999394,-0.5225000000000201,17.55000000000025,-17.65859031677246,4.3640522956848145,3e-05,33509
494,33572,-0.2500000000000542,-0.5570000000000218,17.55000000000025,0,3.927398204803467,3e-05,33572
495,33665,-1.6000000000000947,-0.5890000000000222,17.55000000000025,-17.523984909057617,4.301377773284912,3e-05,33665
496,33749,6.450000000000188,-0.5285000000000193,17.55000000000025,-17.925016403198242,4.482255935668945,3e-05,33749
497,33843,-1.700000000000096,-0.5830000000000217,17.55000000000025,-17.71265411376953,4.734378337860107,3e-05,33843
498,33936,-1.0500000000000878,-0.5770000000000224,17.55000000000025,0,4.077702045440674,3e-05,33936
499,33987,-2.3499999999999828,-0.6230000000000215,17.55000000000025,-17.958011627197266,4.60440731048584,3e-05,33987
500,34048,-0.6000000000000485,-0.6160000000000215,17.55000000000025,0,4.274869918823242,3e-05,34048
501,34100,-1.8999999999999932,-0.6520000000000209,17.55000000000025,0,4.510166168212891,3e-05,34100
502,34147,-2.499999999999984,-0.6740000000000198,17.55000000000025,-17.76419448852539,4.416278839111328,3e-05,34147
503,34197,-2.249999999999983,-0.6915000000000192,17.55000000000025,-17.768827438354492,3.823620319366455,3e-05,34197
504,34247,-2.2499999999999956,-0.7010000000000187,17.55000000000025,-17.858203887939453,4.546472549438477,3e-05,34247
505,34322,2.9499999999999353,-0.6585000000000188,17.55000000000025,0,4.102439880371094,3e-05,34322
506,34388,0.549999999999943,-0.6455000000000187,17.55000000000025,0,4.256569862365723,3e-05,34388
507,34437,-2.1499999999999835,-0.6505000000000182,17.55000000000025,-17.724990844726562,4.049225330352783,3e-05,34437
508,34487,-2.2499999999999867,-0.6565000000000176,17.55000000000025,-17.879451751708984,4.077237129211426,3e-05,34487
509,34557,1.2499999999999423,-0.6285000000000176,17.55000000000025,-17.69163703918457,4.323908805847168,3e-05,34557
510,34624,0.44999999999994156,-0.6250000000000177,17.55000000000025,0,4.126293182373047,3e-05,34624
511,34683,-0.9500000000000464,-0.6120000000000183,17.55000000000025,-17.785890579223633,4.5730743408203125,3e-05,34683
512,34771,-3.300000000000095,-0.6225000000000194,17.55000000000025,-17.612422943115234,3.9748406410217285,3e-05,34771
513,34830,-0.9500000000000455,-0.6625000000000191,17.55000000000025,0,4.1429290771484375,3e-05,34830
514,34883,-2.0000000000000284,-0.6560000000000188,17.55000000000025,-17.965614318847656,4.329441070556641,3e-05,34883
515,34972,-0.6500000000000865,-0.6375000000000197,17.55000000000025,0,3.862333297729492,3e-05,34972
516,35077,4.900000000000297,-0.6350000000000164,17.55000000000025,-17.79098892211914,4.236400127410889,3e-05,35077
517,35184,-3.55000000000011,-0.654000000000017,17.55000000000025,0,4.583288669586182,3e-05,35184
518,35241,-1.3000000000000478,-0.6480000000000173,17.55000000000025,-17.83209991455078,4.368701934814453,3e-05,35241
519,35299,-1.4000000000000528,-0.6420000000000176,17.55000000000025,-17.778152465820312,4.590469837188721,3e-05,35299
520,35371,2.1499999999999373,-0.6015000000000184,17.55000000000025,-17.88298797607422,4.548680305480957,3e-05,35371
521,35421,-2.249999999999983,-0.6600000000000175,17.55000000000025,-17.751222610473633,4.578130722045898,3e-05,35421
522,35485,0.19999999999994866,-0.6415000000000175,17.55000000000025,-17.5659236907959,4.796723365783691,3e-05,35485
523,35531,-2.3999999999999844,-0.6465000000000171,17.55000000000025,-17.901409149169922,4.723928928375244,3e-05,35531
524,35639,6.25000000000016,-0.5590000000000157,17.55000000000025,-17.763439178466797,4.845839500427246,3e-05,35639
525,35715,-2.650000000000074,-0.6070000000000157,17.55000000000025,-17.954980850219727,4.06052827835083,3e-05,35715
526,35765,-2.249999999999983,-0.669000000000015,17.55000000000025,-17.89955711364746,4.073861122131348,3e-05,35765
527,35819,-1.5500000000000442,-0.7565000000000179,17.55000000000025,-17.853078842163086,4.562960624694824,3e-05,35819
528,35900,0.14999999999992308,-0.7375000000000184,17.55000000000025,0,4.155520915985107,3e-05,35900
529,35955,-1.650000000000035,-0.7380000000000179,17.55000000000025,-17.778379440307617,4.246338844299316,3e-05,35955
530,36043,-0.5500000000000851,-0.7235000000000186,17.55000000000025,-18.00982093811035,3.814760684967041,3e-05,36043
531,36138,-1.8000000000000709,-0.7045000000000182,17.55000000000025,0,4.27663516998291,3e-05,36138
532,36197,-0.9500000000000446,-0.6985000000000181,17.55000000000025,-17.9085636138916,4.355794906616211,3e-05,36197
533,36250,-2.000000000000048,-0.7320000000000181,17.55000000000025,0,4.596047401428223,3e-05,36250
534,36313,-0.2500000000000586,-0.7120000000000188,17.55000000000025,-17.666927337646484,4.391981601715088,3e-05,36313
535,36387,2.499999999999936,-0.6645000000000197,17.55000000000025,-17.94891357421875,4.862857818603516,3e-05,36387
536,36442,-1.6500000000000457,-0.7585000000000223,17.55000000000025,0,4.7160139083862305,3e-05,36442
537,36495,-2.0000000000000293,-0.7690000000000221,17.55000000000025,-17.84822654724121,3.6826915740966797,3e-05,36495
538,36565,0.6999999999999345,-0.8210000000000245,17.55000000000025,-17.66860008239746,4.204305648803711,3e-05,36565
539,36627,-0.1500000000000572,-0.8360000000000247,17.55000000000025,-17.690200805664062,4.407143592834473,3e-05,36627
540,36681,-1.5500000000000442,-0.8230000000000242,17.55000000000025,-17.848569869995117,4.5973663330078125,3e-05,36681
541,36731,-2.249999999999994,-0.8590000000000236,17.55000000000025,-17.858890533447266,4.313025951385498,3e-05,36731
542,36794,-0.25000000000005507,-0.8450000000000237,17.55000000000025,0,4.0832600593566895,3e-05,36794
543,36870,2.8499999999999366,-0.7805000000000228,17.55000000000025,0,4.193763732910156,3e-05,36870
544,36920,-2.2500000000000018,-0.8015000000000224,17.55000000000025,0,4.172065734863281,3e-05,36920
545,36969,-2.1500000000000092,-0.8250000000000219,17.55000000000025,-17.854633331298828,4.556934356689453,3e-05,36969
546,37026,-1.3000000000000478,-0.8215000000000218,17.55000000000025,0,4.667051315307617,3e-05,37026
547,37073,-2.499999999999984,-0.8265000000000213,17.55000000000025,-17.540616989135742,4.9751691818237305,3e-05,37073
548,37126,-2.0000000000000187,-0.8840000000000223,17.55000000000025,0,4.310859203338623,3e-05,37126
549,37187,-0.600000000000052,-0.8665000000000229,17.55000000000025,-17.8574161529541,4.14714241027832,3e-05,37187
550,37237,-2.250000000000001,-0.8885000000000223,17.55000000000025,-17.776002883911133,4.142945289611816,3e-05,37237
551,37319,-1.6000000000000805,-0.9030000000000225,17.55000000000025,-17.925615310668945,3.9186134338378906,3e-05,37319
552,37372,-2.000000000000009,-0.9750000000000243,17.55000000000025,0,3.8983030319213867,3e-05,37372
553,37422,-2.249999999999986,-0.9750000000000244,17.55000000000025,0,3.860299825668335,3e-05,37422
554,37488,0.5499999999999448,-0.947000000000025,17.55000000000025,0,4.642190933227539,3e-05,37488
555,37560,1.0499999999999368,-0.9165000000000254,17.55000000000025,0,4.512408256530762,3e-05,37560
556,37624,-0.3500000000000547,-0.8975000000000257,17.55000000000025,0,3.9702985286712646,3e-05,37624
557,37685,-0.6000000000000503,-0.8905000000000258,17.55000000000025,-17.724241256713867,4.410078048706055,3e-05,37685
558,37756,1.699999999999938,-0.8640000000000261,17.55000000000025,0,4.25193977355957,3e-05,37756
559,37815,-0.950000000000049,-0.8515000000000265,17.55000000000025,-17.520259857177734,3.8469347953796387,3e-05,37815
560,37874,-0.9500000000000499,-0.8420000000000268,17.55000000000025,0,4.381491184234619,3e-05,37874
561,37929,-1.650000000000034,-0.845500000000027,17.55000000000025,-17.88176727294922,4.737984657287598,3e-05,37929
562,37979,-2.249999999999986,-0.8585000000000262,17.55000000000025,-17.905860900878906,4.750884056091309,3e-05,37979
563,38036,-1.3000000000000442,-0.8475000000000269,17.55000000000025,0,4.495063781738281,3e-05,38036
564,38095,-0.9500000000000499,-0.8320000000000275,17.55000000000025,-18.037220001220703,4.668214797973633,3e-05,38095
565,38175,4.100000000000143,-0.8275000000000279,17.55000000000025,-17.56488037109375,4.4865193367004395,3e-05,38175
566,38227,-1.90000000000002,-0.8240000000000282,17.55000000000025,-17.73447608947754,4.207316875457764,3e-05,38227
567,38280,-2.0000000000000258,-0.8345000000000279,17.55000000000025,0,5.057851791381836,3e-05,38280
568,38358,2.099999999999934,-0.7980000000000281,17.55000000000025,0,4.469542503356934,3e-05,38358
569,38425,0.9999999999999423,-0.7445000000000275,17.55000000000025,-17.870473861694336,4.24941873550415,3e-05,38425
570,38478,-2.0000000000000195,-0.7515000000000271,17.55000000000025,0,4.249911308288574,3e-05,38478
571,38533,-1.65000000000005,-0.7480000000000276,17.55000000000025,-17.564855575561523,4.378501892089844,3e-05,38533
572,38588,-1.6500000000000457,-0.81850000000003,17.55000000000025,0,4.955634117126465,3e-05,38588
573,38664,2.8499999999999375,-0.78050000000003,17.55000000000025,0,4.356814861297607,3e-05,38664
574,38771,-3.000000000000111,-0.7975000000000307,17.55000000000025,-17.864601135253906,4.458747863769531,3e-05,38771
575,38824,-2.0000000000000178,-0.8090000000000301,17.55000000000025,0,4.3292646408081055,3e-05,38824
576,38898,2.499999999999968,-0.76850000000003,17.55000000000025,0,4.535836219787598,3e-05,38898
577,38948,-2.249999999999993,-0.7780000000000293,17.55000000000025,0,4.427790641784668,3e-05,38948
578,39005,-1.3000000000000478,-0.7990000000000295,17.55000000000025,-17.9368896484375,4.423634052276611,3e-05,39005
579,39060,-1.6500000000000457,-0.7930000000000302,17.55000000000025,0,4.769440650939941,3e-05,39060
580,39151,7.400000000000194,-0.699000000000028,17.55000000000025,-17.49966812133789,5.259117126464844,3e-05,39151
581,39237,-3.6500000000000554,-0.7550000000000279,17.55000000000025,-17.664289474487305,4.476178169250488,3e-05,39237
582,39290,-2.000000000000017,-0.756000000000028,17.55000000000025,0,4.501729965209961,3e-05,39290
583,39361,1.699999999999938,-0.7030000000000282,17.55000000000025,-18.026016235351562,4.960610389709473,3e-05,39361
584,39421,-0.5000000000000506,-0.6925000000000283,17.55000000000025,-17.793855667114258,4.854184150695801,3e-05,39421
585,39474,-2.000000000000023,-0.699500000000028,17.55000000000025,0,4.217554569244385,3e-05,39474
586,39547,2.0499999999999394,-0.6565000000000286,17.55000000000025,-17.898103713989258,4.442458629608154,3e-05,39547
587,39597,-2.2500000000000107,-0.6600000000000286,17.55000000000025,-17.83087921142578,4.414241790771484,3e-05,39597
588,39655,-0.8500000000000449,-0.6485000000000288,17.55000000000025,-17.72968101501465,4.163797378540039,3e-05,39655
589,39710,-1.650000000000034,-0.6635000000000286,17.55000000000025,0,3.999239206314087,3e-05,39710
590,39771,-0.6000000000000565,-0.6470000000000291,17.55000000000025,-17.885650634765625,4.093037128448486,3e-05,39771
591,39845,3.0499999999999403,-0.6035000000000295,17.55000000000025,-17.937339782714844,4.13335657119751,3e-05,39845
592,39910,0.09999999999994369,-0.5860000000000295,17.55000000000025,0,4.202394485473633,3e-05,39910
593,39969,-0.9500000000000464,-0.6135000000000294,17.55000000000025,-17.703184127807617,4.424551486968994,3e-05,39969
594,40022,-2.0000000000000266,-0.6310000000000291,17.55000000000025,0,4.987853527069092,3e-05,40022
595,40082,-0.5000000000000471,-0.6200000000000286,17.55000000000025,0,3.822584629058838,3e-05,40082
596,40153,1.699999999999938,-0.6675000000000311,17.55000000000025,-17.751747131347656,4.487070560455322,3e-05,40153
597,40233,0.7999999999999288,-0.6425000000000308,17.55000000000025,-17.955318450927734,4.233088493347168,3e-05,40233
598,40363,-6.950000000000125,-0.7015000000000313,17.55000000000025,-17.788944244384766,4.23455810546875,3e-05,40363
599,40416,-2.000000000000031,-0.6980000000000317,17.55000000000025,0,4.494440078735352,3e-05,40416
600,40468,-1.900000000000034,-0.7110000000000316,17.55000000000025,0,4.23612117767334,3e-05,40468
601,40518,-2.249999999999994,-0.7145000000000316,17.55000000000025,0,3.999721050262451,3e-05,40518
602,40582,0.199999999999946,-0.6875000000000323,17.55000000000025,0,3.904879093170166,3e-05,40582
603,40673,-3.6000000000000867,-0.7010000000000335,17.55000000000025,-17.916133880615234,4.092517852783203,3e-05,40673
604,40753,3.549999999999968,-0.6430000000000338,17.55000000000025,-17.83228874206543,4.147141456604004,3e-05,40753
605,40803,-2.249999999999993,-0.6950000000000329,17.55000000000025,-17.771074295043945,3.9938812255859375,3e-05,40803
606,40860,-1.3000000000000478,-0.7135000000000328,17.55000000000025,0,4.034911155700684,3e-05,40860
607,40928,0.8999999999999311,-0.6830000000000337,17.55000000000025,0,3.7907800674438477,3e-05,40928
608,40996,0.349999999999941,-0.6570000000000346,17.55000000000025,0,4.800715923309326,3e-05,40996
609,41064,0.8999999999999444,-0.6605000000000344,17.55000000000025,0,4.577237129211426,3e-05,41064
610,41145,0.6999999999999238,-0.6580000000000346,17.55000000000025,-17.96546745300293,4.435218334197998,3e-05,41145
611,41194,-2.1500000000000004,-0.6700000000000342,17.55000000000025,0,4.3032755851745605,3e-05,41194
612,41266,2.149999999999941,-0.6155000000000338,17.55000000000025,0,4.470963954925537,3e-05,41266
613,41323,-1.3000000000000478,-0.6190000000000337,17.55000000000025,-17.75611114501953,4.721759796142578,3e-05,41323
614,41373,-2.249999999999991,-0.6215000000000334,17.55000000000025,-18.18532371520996,4.099078178405762,3e-05,41373
615,41434,-0.6000000000000485,-0.6210000000000331,17.55000000000025,0,4.544045448303223,3e-05,41434
616,41522,-1.100000000000061,-0.6810000000000368,17.55000000000025,0,4.457859992980957,3e-05,41522
617,41573,-2.3499999999999828,-0.6690000000000355,17.55000000000025,-17.848819732666016,4.354870319366455,3e-05,41573
618,41661,-2.7500000000000737,-0.6835000000000357,17.55000000000025,-17.99833869934082,4.306554794311523,3e-05,41661
619,41743,2.2499999999999245,-0.6470000000000359,17.55000000000025,-17.70339584350586,4.0777435302734375,3e-05,41743
620,41795,-1.8999999999999968,-0.6875000000000351,17.55000000000025,-17.7428035736084,4.753902435302734,3e-05,41795
621,41863,0.8999999999999417,-0.656000000000036,17.55000000000025,-17.73986053466797,4.792463302612305,3e-05,41863
622,41924,-0.6000000000000565,-0.6640000000000359,17.55000000000025,0,3.8107802867889404,3e-05,41924
623,41979,-1.6500000000000457,-0.6565000000000367,17.55000000000025,-17.9357967376709,4.461555480957031,3e-05,41979
624,42076,-0.9000000000001025,-0.7280000000000393,17.55000000000025,0,4.4392290115356445,3e-05,42076
625,42168,-3.1500000000000874,-0.7330000000000395,17.55000000000025,0,4.285297393798828,3e-05,42168
626,42221,-2.0000000000000266,-0.7305000000000399,17.55000000000025,-17.950857162475586,4.0047607421875,3e-05,42221
627,42274,-2.0000000000000275,-0.7350000000000398,17.55000000000025,0,4.373217582702637,3e-05,42274
628,42327,-1.9999999999999991,-0.756500000000039,17.55000000000025,-17.808429718017578,4.235935688018799,3e-05,42327
629,42418,-3.600000000000069,-0.7760000000000392,17.55000000000025,0,3.978043556213379,3e-05,42418
630,42477,-0.9500000000000499,-0.7800000000000388,17.55000000000025,-17.639389038085938,4.423589706420898,3e-05,42477
631,42530,-2.0000000000000187,-0.7820000000000382,17.55000000000025,0,4.184247970581055,3e-05,42530
632,42613,3.2499999999999742,-0.7400000000000381,17.55000000000025,-17.64651107788086,4.501221656799316,3e-05,42613
633,42663,-2.250000000000001,-0.7425000000000377,17.55000000000025,-17.879295349121094,4.375705242156982,3e-05,42663
634,42718,-1.6500000000000457,-0.7565000000000376,17.55000000000025,0,4.719825267791748,3e-05,42718
635,42767,-2.1499999999999835,-0.8030000000000367,17.55000000000025,-18.071531295776367,4.474937438964844,3e-05,42767
636,42820,-2.000000000000041,-0.8065000000000367,17.55000000000025,0,4.037721157073975,3e-05,42820
637,42872,-1.9000000000000101,-0.8055000000000365,17.55000000000025,0,3.7190475463867188,3e-05,42872
638,42931,-0.9500000000000499,-0.8220000000000363,17.55000000000025,-18.175737380981445,4.770389556884766,3e-05,42931
639,43009,-2.3000000000000718,-0.8435000000000364,17.55000000000025,-17.711280822753906,4.491270065307617,3e-05,43009
640,43094,-1.9000000000000847,-0.8470000000000368,17.55000000000025,0,4.0590362548828125,3e-05,43094
641,43151,-1.3000000000000442,-0.8375000000000373,17.55000000000025,-17.60834312438965,4.465847015380859,3e-05,43151
642,43210,-0.9500000000000499,-0.8445000000000374,17.55000000000025,0,4.550558090209961,3e-05,43210
643,43262,-1.9000000000000465,-0.8920000000000372,17.55000000000025,0,3.7447032928466797,3e-05,43262
644,43342,2.9999999999999325,-0.8395000000000379,17.55000000000025,0,4.703728199005127,3e-05,43342
645,43399,-1.3000000000000371,-0.8310000000000382,17.55000000000025,-17.830455780029297,3.879356861114502,3e-05,43399
646,43456,-1.3000000000000478,-0.8310000000000382,17.55000000000025,0,4.075680732727051,3e-05,43456
647,43517,-0.600000000000052,-0.8120000000000388,17.55000000000025,-17.937053680419922,4.595718860626221,3e-05,43517
648,43571,-1.5500000000000327,-0.807500000000039,17.55000000000025,-17.82077407836914,4.772365093231201,3e-05,43571
649,43617,-2.3999999999999844,-0.8255000000000382,17.55000000000025,-17.77379608154297,4.193792343139648,3e-05,43617
650,43684,0.9999999999999423,-0.7930000000000388,17.55000000000025,0,3.874520778656006,3e-05,43684
651,43767,-2.250000000000081,-0.7995000000000388,17.55000000000025,-17.807514190673828,4.139180660247803,3e-05,43767
652,43826,-0.9500000000000499,-0.789000000000039,17.55000000000025,0,4.635763168334961,3e-05,43826
653,43887,-0.600000000000052,-0.7725000000000398,17.55000000000025,-18.02072525024414,4.425167560577393,3e-05,43887
654,43939,-1.900000000000042,-0.7970000000000398,17.55000000000025,-17.77372169494629,4.157561302185059,3e-05,43939
655,44009,1.2499999999999387,-0.7950000000000397,17.55000000000025,-18.02501106262207,4.24071741104126,3e-05,44009
656,44089,-1.400000000000082,-0.8055000000000399,17.55000000000025,-18.018569946289062,4.061825275421143,3e-05,44089
657,44148,-0.9500000000000526,-0.8090000000000398,17.55000000000025,0,4.327097415924072,3e-05,44148
658,44240,-3.150000000000084,-0.8575000000000403,17.55000000000025,0,4.44449520111084,3e-05,44240
659,44301,-0.600000000000052,-0.8540000000000402,17.55000000000025,-17.72927474975586,4.871375560760498,3e-05,44301
660,44348,-2.499999999999984,-0.8695000000000398,17.55000000000025,0,4.262819290161133,3e-05,44348
661,44405,-1.3000000000000478,-0.8660000000000397,17.55000000000025,-18.068809509277344,4.33314323425293,3e-05,44405
662,44463,-1.4000000000000474,-0.8575000000000405,17.55000000000025,-17.89732551574707,3.880661964416504,3e-05,44463
663,44513,-2.2500000000000107,-0.8670000000000401,17.55000000000025,-17.74507713317871,3.8544516563415527,3e-05,44513
664,44560,-2.499999999999984,-0.8825000000000395,17.55000000000025,0,4.40550422668457,3e-05,44560
665,44624,0.1999999999999451,-0.9215000000000413,17.55000000000025,0,4.59980583190918,3e-05,44624
666,44676,-1.9000000000000457,-0.9215000000000417,17.55000000000025,0,4.2278337478637695,3e-05,44676
667,44727,-2.3499999999999863,-0.9250000000000412,17.55000000000025,-18.00007438659668,4.30707311630249,3e-05,44727
668,44789,-0.1500000000000492,-0.947500000000041,17.55000000000025,-17.896926879882812,4.368719100952148,3e-05,44789
669,44870,4.550000000000057,-0.9120000000000398,17.55000000000025,0,4.506956100463867,3e-05,44870
670,44917,-2.499999999999984,-0.9170000000000396,17.55000000000025,-17.807130813598633,4.57135534286499,3e-05,44917
671,45013,-0.2500000000000968,-0.9030000000000399,17.55000000000025,-17.97736930847168,4.592105865478516,3e-05,45013
672,45065,-1.9000000000000181,-0.9055000000000397,17.55000000000025,-17.776700973510742,4.210330009460449,3e-05,45065
673,45122,-1.3000000000000442,-0.9470000000000396,17.55000000000025,0,4.634772300720215,3e-05,45122
674,45179,-1.3000000000000442,-0.9300000000000388,17.55000000000025,-17.914024353027344,4.547316551208496,3e-05,45179
675,45240,-0.600000000000052,-0.916000000000039,17.55000000000025,0,4.84920072555542,3e-05,45240
676,45292,-1.9000000000000261,-0.9600000000000389,17.55000000000025,0,4.152292728424072,3e-05,45292
677,45347,-1.6500000000000457,-0.9540000000000396,17.55000000000025,-17.849210739135742,4.072656631469727,3e-05,45347
678,45404,-1.3000000000000478,-0.9540000000000397,17.55000000000025,0,4.043292999267578,3e-05,45404
679,45459,-1.6500000000000457,-0.9540000000000397,17.55000000000025,-17.935306549072266,3.945117235183716,3e-05,45459
680,45550,4.10000000000016,-0.9870000000000401,17.55000000000025,0,4.811089992523193,3e-05,45550
681,45625,1.2999999999999323,-0.9375000000000402,17.55000000000025,-17.89906120300293,3.9787349700927734,3e-05,45625
682,45677,-1.90000000000002,-0.9365000000000401,17.55000000000025,-17.616928100585938,4.437735557556152,3e-05,45677
683,45738,-0.600000000000052,-0.9595000000000401,17.55000000000025,0,3.7827014923095703,3e-05,45738
684,45836,10.550000000000225,-0.8490000000000373,17.55000000000025,0,4.493061065673828,3e-05,45836
685,45898,-0.7000000000000535,-0.8360000000000376,17.55000000000025,0,3.8728506565093994,3e-05,45898
686,45951,-2.0000000000000453,-0.8765000000000375,17.55000000000025,-17.891542434692383,4.057895660400391,3e-05,45951
687,46017,0.5499999999999483,-0.8485000000000379,17.55000000000025,-17.82855224609375,4.526108264923096,3e-05,46017
688,46072,-1.6500000000000457,-0.8565000000000377,17.55000000000025,0,4.573234558105469,3e-05,46072
689,46136,0.19999999999994955,-0.8380000000000379,17.55000000000025,0,4.685173988342285,3e-05,46136
690,46188,-1.9000000000000234,-0.8510000000000377,17.55000000000025,0,4.182220935821533,3e-05,46188
691,46238,-2.2499999999999876,-0.904000000000037,17.55000000000025,0,4.341570854187012,3e-05,46238
692,46291,-2.0000000000000036,-0.9250000000000363,17.55000000000025,-17.928308486938477,3.8889822959899902,3e-05,46291
693,46339,-2.5999999999999863,-0.9415000000000358,17.55000000000025,-17.832111358642578,4.883179664611816,3e-05,46339
694,46416,4.4000000000000155,-0.8775000000000353,17.55000000000025,0,3.660342216491699,3e-05,46416
695,46477,-0.6000000000000512,-0.8785000000000351,17.55000000000025,-17.85079002380371,4.370774745941162,3e-05,46477
696,46534,-1.3000000000000442,-0.9085000000000352,17.55000000000025,0,4.143051624298096,3e-05,46534
697,46600,0.549999999999943,-0.911000000000035,17.55000000000025,0,4.0483245849609375,3e-05,46600
698,46683,5.450000000000184,-0.787000000000032,17.55000000000025,-17.9302978515625,4.194952964782715,3e-05,46683
699,46763,4.100000000000171,-0.7260000000000301,17.55000000000025,-17.722728729248047,3.6053457260131836,3e-05,46763
700,46841,3.750000000000173,-0.6695000000000282,17.55000000000025,-17.813217163085938,4.162204742431641,3e-05,46841
701,46911,1.2499999999999423,-0.6345000000000286,17.55000000000025,-17.798978805541992,3.9227170944213867,3e-05,46911
702,46991,0.7999999999999252,-0.6285000000000289,17.55000000000025,-17.858755111694336,4.649456977844238,3e-05,46991
703,47082,-3.0500000000000425,-0.6230000000000285,17.55000000000025,0,4.819216728210449,3e-05,47082
704,47135,-2.000000000000007,-0.6785000000000281,17.55000000000025,-17.954086303710938,4.285367965698242,3e-05,47135
705,47187,-1.8999999999999915,-0.6750000000000281,17.55000000000025,-17.754596710205078,3.8513989448547363,3e-05,47187
706,47301,-4.250000000000125,-0.7045000000000289,17.55000000000025,-17.88522720336914,4.388806343078613,3e-05,47301
707,47358,-1.3000000000000442,-0.7265000000000288,17.55000000000025,0,4.132072448730469,3e-05,47358
708,47408,-2.250000000000022,-0.7525000000000283,17.55000000000025,0,4.562457084655762,3e-05,47408
709,47565,-1.3999999999995127,-0.7755000000000228,17.55000000000025,-17.847064971923828,4.267763137817383,3e-05,47565
710,47622,-1.300000000000047,-0.7955000000000225,17.55000000000025,0,4.404105186462402,3e-05,47622
711,47677,-1.6500000000000457,-0.790500000000023,17.55000000000025,-17.850488662719727,4.577183723449707,3e-05,47677
712,47769,-0.40000000000009184,-0.8160000000000234,17.55000000000025,-17.853347778320312,4.205344200134277,3e-05,47769
713,47852,-1.700000000000082,-0.8200000000000236,17.55000000000025,0,4.093074321746826,3e-05,47852
714,47907,-1.6500000000000492,-0.8140000000000244,17.55000000000025,-17.84539794921875,4.833585739135742,3e-05,47907
715,47991,5.90000000000019,-0.749000000000022,17.55000000000025,-17.88702392578125,4.226271629333496,3e-05,47991
716,48053,-0.7000000000000526,-0.7450000000000219,17.55000000000025,-17.847211837768555,4.192096710205078,3e-05,48053
717,48100,-2.499999999999984,-0.7465000000000218,17.55000000000025,0,4.380755424499512,3e-05,48100
718,48192,-3.7000000000000703,-0.7560000000000217,17.55000000000025,0,4.364991664886475,3e-05,48192
719,48247,-1.649999999999996,-0.795000000000021,17.55000000000025,-17.971202850341797,4.706361770629883,3e-05,48247
720,48338,7.950000000000205,-0.696500000000019,17.55000000000025,0,4.6217546463012695,3e-05,48338
721,48391,-2.0000000000000018,-0.7255000000000185,17.55000000000025,-17.81175994873047,4.152954578399658,3e-05,48391
722,48444,-2.000000000000016,-0.7395000000000179,17.55000000000025,0,4.077824592590332,3e-05,48444
723,48525,-1.5000000000000755,-0.7380000000000182,17.55000000000025,-17.772031784057617,4.865342140197754,3e-05,48525
724,48591,0.549999999999943,-0.7235000000000177,17.55000000000025,-18.032257080078125,4.156365871429443,3e-05,48591
725,48640,-2.149999999999987,-0.7135000000000169,17.55000000000025,0,4.579557418823242,3e-05,48640
726,48719,-1.8500000000000725,-0.7120000000000172,17.55000000000025,-17.84857940673828,4.123358726501465,3e-05,48719
727,48771,-1.900000000000019,-0.7110000000000174,17.55000000000025,-17.949050903320312,4.367100715637207,3e-05,48771
728,48823,-1.9000000000000368,-0.7100000000000175,17.55000000000025,-17.821624755859375,4.368077754974365,3e-05,48823
729,48898,0.1999999999999309,-0.6720000000000175,17.55000000000025,0,3.874882221221924,3e-05,48898
730,48959,-0.6000000000000512,-0.6685000000000175,17.55000000000025,-17.910961151123047,4.210877418518066,3e-05,48959
731,49035,1.199999999999931,-0.636500000000018,17.55000000000025,-17.928186416625977,4.346152305603027,3e-05,49035
732,49091,-1.2000000000000464,-0.6810000000000183,17.55000000000025,-17.741474151611328,4.443771839141846,3e-05,49091
733,49146,-1.650000000000027,-0.6750000000000188,17.55000000000025,0,4.203333854675293,3e-05,49146
734,49196,-2.249999999999983,-0.681000000000018,17.55000000000025,0,4.232841491699219,3e-05,49196
735,49254,-0.8500000000000449,-0.6680000000000186,17.55000000000025,0,4.051468372344971,3e-05,49254
736,49313,-0.9500000000000499,-0.6575000000000187,17.55000000000025,-17.99341583251953,3.833127021789551,3e-05,49313
737,49376,-0.2500000000000542,-0.6410000000000192,17.55000000000025,0,3.8712003231048584,3e-05,49376
738,49427,-2.3499999999999828,-0.6550000000000185,17.55000000000025,-17.821557998657227,4.318453788757324,3e-05,49427
739,49482,-1.6500000000000457,-0.6485000000000183,17.55000000000025,0,4.104079246520996,3e-05,49482
740,49565,-2.250000000000056,-0.6520000000000179,17.55000000000025,-17.9034423828125,4.375945091247559,3e-05,49565
741,49622,-1.3000000000000442,-0.6520000000000179,17.55000000000025,0,4.622150897979736,3e-05,49622
742,49675,-1.9999999999999911,-0.6625000000000172,17.55000000000025,-17.850767135620117,3.814985513687134,3e-05,49675
743,49736,-0.6000000000000485,-0.6495000000000175,17.55000000000025,0,4.088189125061035,3e-05,49736
744,49783,-2.499999999999984,-0.7045000000000166,17.55000000000025,-17.719959259033203,4.64516544342041,3e-05,49783
745,49847,0.1999999999999451,-0.6895000000000167,17.55000000000025,-17.942317962646484,4.018750190734863,3e-05,49847
746,49902,-1.6500000000000457,-0.6930000000000167,17.55000000000025,0,4.146121978759766,3e-05,49902
747,49973,1.699999999999938,-0.6700000000000169,17.55000000000025,-17.73387336730957,5.17972469329834,3e-05,49973
748,50038,0.09999999999994369,-0.6535000000000172,17.55000000000025,0,4.175269603729248,3e-05,50038
749,50098,-1.050000000000047,-0.6400000000000177,17.55000000000025,0,3.9847843647003174,3e-05,50098
750,50199,5.850000000000257,-0.5915000000000145,17.55000000000025,-17.83051109313965,4.131768226623535,3e-05,50199
751,50295,0.8499999999999055,-0.5605000000000147,17.55000000000025,-17.827787399291992,4.216703414916992,3e-05,50295
752,50370,2.9499999999999345,-0.5215000000000147,17.55000000000025,0,4.8851118087768555,3e-05,50370
753,50423,-2.0000000000000355,-0.5355000000000146,17.55000000000025,-17.868011474609375,4.415165901184082,3e-05,50423
754,50502,3.0999999999999295,-0.4855000000000149,17.55000000000025,0,3.8824503421783447,3e-05,50502
755,50556,-1.5500000000000442,-0.5135000000000148,17.55000000000025,0,3.926806926727295,3e-05,50556
756,50616,-0.5000000000000506,-0.5045000000000144,17.55000000000025,0,4.54742431640625,3e-05,50616
757,50703,-3.2000000000000695,-0.5270000000000146,17.55000000000025,-17.95852279663086,4.504060745239258,3e-05,50703
758,50753,-2.2499999999999876,-0.5180000000000136,17.55000000000025,-17.844284057617188,3.9909777641296387,3e-05,50753
759,50816,-0.2500000000000542,-0.5145000000000136,17.55000000000025,0,3.8065247535705566,3e-05,50816
760,50863,-2.499999999999984,-0.5145000000000136,17.55000000000025,-17.801502227783203,4.780227184295654,3e-05,50863
761,50949,0.7499999999999183,-0.494000000000014,17.55000000000025,-17.988832473754883,3.707263469696045,3e-05,50949
762,51000,-2.3499999999999828,-0.5035000000000133,17.55000000000025,0,4.6450676918029785,3e-05,51000
763,51051,-2.3499999999999828,-0.5045000000000129,17.55000000000025,-17.703340530395508,4.145666122436523,3e-05,51051
764,51146,-0.7000000000000952,-0.48650000000001403,17.55000000000025,0,3.773820400238037,3e-05,51146
765,51230,4.80000000000017,-0.44050000000001177,17.55000000000025,0,4.215007781982422,3e-05,51230
766,51280,-2.249999999999992,-0.4440000000000113,17.55000000000025,0,4.544267177581787,3e-05,51280
767,51372,0.6999999999999096,-0.41350000000001236,17.55000000000025,0,4.962222576141357,3e-05,51372
768,51434,-0.15000000000005276,-0.41350000000001236,17.55000000000025,0,4.196690559387207,3e-05,51434
769,51502,0.8999999999999417,-0.4500000000000135,17.55000000000025,0,4.442330837249756,3e-05,51502
770,51568,0.549999999999943,-0.4195000000000143,17.55000000000025,0,4.191641807556152,3e-05,51568
771,51639,-1.0500000000000655,-0.427500000000014,17.55000000000025,-17.837324142456055,3.927185297012329,3e-05,51639
772,51692,-2.000000000000024,-0.42850000000001404,17.55000000000025,0,4.014591217041016,3e-05,51692
773,51786,-1.1500000000000954,-0.42700000000001453,17.55000000000025,0,4.114267349243164,3e-05,51786
774,51843,-1.3000000000000478,-0.4270000000000146,17.55000000000025,-17.929092407226562,4.2498626708984375,3e-05,51843
775,51904,-0.600000000000052,-0.4270000000000145,17.55000000000025,0,4.098718643188477,3e-05,51904
776,51977,2.0499999999999394,-0.38750000000001483,17.55000000000025,-17.874635696411133,3.9709525108337402,3e-05,51977
777,52024,-2.499999999999984,-0.39600000000001423,17.55000000000025,0,4.27626895904541,3e-05,52024
778,52079,-1.6500000000000448,-0.39950000000001423,17.55000000000025,-17.82830810546875,3.8424606323242188,3e-05,52079
779,52135,-1.2000000000000464,-0.39500000000001423,17.55000000000025,-18.00275421142578,4.003509044647217,3e-05,52135
780,52192,-1.3000000000000522,-0.4490000000000164,17.55000000000025,0,4.388166427612305,3e-05,52192
781,52264,-1.150000000000067,-0.47350000000001635,17.55000000000025,0,4.278902053833008,3e-05,52264
782,52314,-2.2499999999999885,-0.477000000000016,17.55000000000025,0,4.036945343017578,3e-05,52314
783,52371,-1.3000000000000362,-0.4840000000000158,17.55000000000025,-17.917028427124023,4.489019393920898,3e-05,52371
784,52426,-1.65000000000005,-0.6060000000000185,17.55000000000025,0,4.178075790405273,3e-05,52426
785,52550,0.2500000000002798,-0.5965000000000154,17.55000000000025,0,4.0288777351379395,3e-05,52550
786,52605,-1.6500000000000394,-0.5930000000000153,17.55000000000025,-18.029386520385742,4.096612930297852,3e-05,52605
787,52691,-2.5500000000000744,-0.6240000000000155,17.55000000000025,-17.807144165039062,3.878960609436035,3e-05,52691
788,52741,-2.2499999999999893,-0.6300000000000151,17.55000000000025,-17.96000862121582,4.700895309448242,3e-05,52741
789,52800,-0.9500000000000499,-0.641500000000015,17.55000000000025,0,4.296877861022949,3e-05,52800
790,52861,-0.6000000000000476,-0.6285000000000153,17.55000000000025,-17.741165161132812,4.32110071182251,3e-05,52861
791,52911,-2.249999999999994,-0.6285000000000153,17.55000000000025,-17.93333625793457,3.8551483154296875,3e-05,52911
792,52964,-2.0000000000000373,-0.6285000000000156,17.55000000000025,0,4.688448905944824,3e-05,52964
793,53025,-0.600000000000052,-0.6085000000000163,17.55000000000025,-17.983600616455078,4.478157043457031,3e-05,53025
794,53075,-2.249999999999983,-0.6750000000000164,17.55000000000025,-17.938125610351562,4.626009941101074,3e-05,53075
795,53163,-8.615330671091215e-14,-0.6690000000000167,17.55000000000025,-17.812313079833984,4.079117774963379,3e-05,53163
796,53217,-1.5500000000000442,-0.6715000000000165,17.55000000000025,-17.807973861694336,4.259855270385742,3e-05,53217
797,53267,-2.2500000000000284,-0.6995000000000162,17.55000000000025,-17.82093620300293,4.561768531799316,3e-05,53267
798,53329,-0.1500000000000572,-0.7555000000000187,17.55000000000025,-17.925071716308594,4.369159698486328,3e-05,53329
799,53390,-0.6000000000000476,-0.8025000000000211,17.55000000000025,0,4.0864458084106445,3e-05,53390
800,53466,2.8499999999999366,-0.8115000000000233,17.55000000000025,0,3.8707306385040283,3e-05,53466
801,53521,-1.65000000000005,-0.8405000000000232,17.55000000000025,-17.73016357421875,3.9233498573303223,3e-05,53521
802,53615,-0.6000000000000902,-0.8545000000000234,17.55000000000025,-17.92296600341797,4.564824104309082,3e-05,53615
803,53679,0.1999999999999451,-0.8220000000000236,17.55000000000025,-17.86656379699707,3.7089247703552246,3e-05,53679
804,53729,-2.249999999999983,-0.8245000000000233,17.55000000000025,-17.9672794342041,4.401577949523926,3e-05,53729
805,53788,-0.9500000000000499,-0.8150000000000239,17.55000000000025,0,4.0630998611450195,3e-05,53788
806,53884,2.5000000000000666,-0.7475000000000217,17.55000000000025,0,4.035984992980957,3e-05,53884
807,53943,-0.9500000000000464,-0.744000000000022,17.55000000000025,-18.016124725341797,4.292263984680176,3e-05,53943
808,53998,-1.6500000000000457,-0.7380000000000222,17.55000000000025,0,4.344316482543945,3e-05,53998
809,54057,-0.9500000000000499,-0.7335000000000275,17.55000000000025,-17.893545150756836,4.9298601150512695,3e-05,54057
810,54112,-1.6500000000000092,-0.7370000000000271,17.55000000000025,0,3.944322109222412,3e-05,54112
811,54206,-1.7000000000000979,-0.7375000000000277,17.55000000000025,0,4.667290210723877,3e-05,54206
812,54256,-2.249999999999985,-0.7560000000000267,17.55000000000025,0,4.049879550933838,3e-05,54256
813,54315,-0.9500000000000499,-0.7485000000000263,17.55000000000025,-17.934450149536133,4.535382270812988,3e-05,54315
814,54373,-1.4000000000000137,-0.746000000000026,17.55000000000025,-17.85957908630371,3.8850412368774414,3e-05,54373
815,54425,-1.9000000000000057,-0.8240000000000279,17.55000000000025,-17.70416259765625,4.5080132484436035,3e-05,54425
