Episode,Total Steps,Episode Reward,Actor Loss,Critic Loss,Actor LR,Buffer Size
1,95,46.462289579446555,nan,nan,0.0003,95
2,231,2.362308362322201,nan,nan,0.0003,231
3,305,2.9703131458974,nan,nan,0.0003,305
4,1905,287.6463636528332,nan,nan,0.0003,1905
5,1999,-4.145632885474116,nan,nan,0.0003,1999
6,2066,-1.1642535282236484,nan,nan,0.0003,2066
7,3666,351.4842540958235,nan,nan,0.0003,3666
8,3721,-6.638955756190363,nan,nan,0.0003,3721
9,3788,0.9995816443025678,nan,nan,0.0003,3788
10,3842,-0.29369123504368666,nan,nan,0.0003,3842
11,3966,5.208649147307044,nan,nan,0.0003,3966
12,4041,-0.1443181734122021,nan,nan,0.0003,4041
13,4178,-2.9373414695721856,nan,nan,0.0003,4178
14,4238,-1.2357482061465053,nan,nan,0.0003,4238
15,5838,357.89921225365003,nan,nan,0.0003,5838
16,7438,312.20272072218404,nan,nan,0.0003,7438
17,9038,286.71098198148644,nan,nan,0.0003,9038
18,9132,-4.157181306383175,nan,nan,0.0003,9132
19,9185,-7.246918136752003,nan,nan,0.0003,9185
20,9263,-0.9662076037532454,nan,nan,0.0003,9263
21,10863,357.5699674063846,nan,0.107692189514637,0.0003,10863
22,10950,3.925323729012746,nan,0.07942014932632446,0.0003,10950
23,12550,314.2190957847669,nan,0.2795366644859314,0.0003,12550
24,12595,-7.149352799301512,nan,0.2533356845378876,0.0003,12595
25,14195,303.064157285132,nan,0.3009416460990906,0.0003,14195
26,14276,-7.313573043237188,nan,0.3328614830970764,0.0003,14276
27,14354,-1.3245553996227102,nan,0.20417916774749756,0.0003,14354
28,14440,-4.575788021402242,nan,0.5556357502937317,0.0003,14440
29,14493,-5.47026005930639,nan,0.1815599948167801,0.0003,14493
30,14596,4.132344995750309,nan,0.38119515776634216,0.0003,14596
31,14661,-0.02387151428969503,nan,0.474625825881958,0.0003,14661
32,16261,324.6355409766328,nan,0.4356966018676758,0.0003,16261
33,17861,330.2130446357872,nan,0.6182219982147217,0.0003,17861
34,19461,355.8974084303594,nan,1.2464725971221924,0.0003,19461
35,19548,-0.5843831205971899,nan,1.250852108001709,0.0003,19548
36,20181,71.62845712025998,nan,1.58685302734375,0.0003,20181
37,20241,-2.762794185236787,nan,1.3043122291564941,0.0003,20241
38,20304,-3.4580710675218373,nan,1.1877436637878418,0.0003,20304
39,20363,-2.964833004244065,nan,1.0576618909835815,0.0003,20363
40,20418,-3.36241567837612,nan,1.060671329498291,0.0003,20418
41,20481,-1.6865609050005101,nan,1.7732013463974,0.0003,20481
42,20544,-1.9986613698848652,nan,1.7072792053222656,0.0003,20544
43,20631,0.4044104443599661,nan,1.637904167175293,0.0003,20631
44,20689,0.5489922971209413,nan,0.8283839225769043,0.0003,20689
45,20746,-3.6267091480988203,nan,1.691841959953308,0.0003,20746
46,20808,0.75435573664274,nan,1.4904320240020752,0.0003,20808
47,20875,-1.0717403547361304,nan,1.6831645965576172,0.0003,20875
48,20911,-3.1300890722412866,nan,1.365412712097168,0.0003,20911
49,20988,1.0843356409726734,nan,1.05462646484375,0.0003,20988
50,21132,12.813217353914464,nan,0.9812319278717041,0.0003,21132
51,21183,-0.42221946586656145,nan,2.168973445892334,0.0003,21183
52,21233,-2.655732264073161,nan,1.246967077255249,0.0003,21233
53,21299,-0.42284530584093183,nan,1.4729771614074707,0.0003,21299
54,21356,-1.8235194556003762,nan,1.9342527389526367,0.0003,21356
55,21512,8.784612961615817,nan,2.028444528579712,0.0003,21512
56,22140,44.46769366397313,nan,2.5219216346740723,0.0003,22140
57,23740,123.92987525910196,nan,2.903285026550293,0.0003,23740
58,23822,-12.491514777258537,nan,1.7637279033660889,0.0003,23822
59,23900,-6.977230048562048,nan,1.8447248935699463,0.0003,23900
60,23960,-7.315976037651917,nan,2.0168979167938232,0.00015,23960
61,24014,-4.387010886131496,nan,2.028820753097534,0.00015,24014
62,24097,-2.39781217672276,nan,2.315627098083496,0.00015,24097
63,24247,0.8781591443940346,nan,2.2128610610961914,0.00015,24247
64,24408,14.331034888157248,nan,2.3533668518066406,0.00015,24408
65,24482,-4.710772948325795,nan,1.2594311237335205,0.00015,24482
66,24555,-5.669858064164111,nan,2.1072018146514893,0.00015,24555
67,24620,-3.4241655024646116,nan,2.8441481590270996,0.00015,24620
68,24703,-4.2645861504041305,nan,2.741692543029785,0.00015,24703
69,25122,32.70176932633994,nan,2.673676013946533,0.00015,25122
70,25166,-9.930530659573375,nan,3.497873544692993,0.00015,25166
71,25213,-10.730149024094002,nan,4.0522565841674805,0.00015,25213
72,25258,-7.8977066952323955,nan,3.1890854835510254,0.00015,25258
73,25305,-2.1405478561776983,nan,2.9810400009155273,0.00015,25305
74,25362,-8.580075728382678,nan,3.9283361434936523,0.00015,25362
75,25417,-7.265885026137321,nan,5.281950950622559,0.00015,25417
76,25463,-9.909075947444236,nan,1.4440795183181763,0.00015,25463
77,25566,-2.628366952884722,nan,2.7956387996673584,0.00015,25566
78,25606,-10.427260335244505,nan,0.9260908365249634,0.00015,25606
79,25656,-8.83323323018822,nan,4.586369514465332,0.00015,25656
80,25708,-8.008160951660019,nan,3.0948519706726074,0.00015,25708
81,25744,-10.074616931851889,nan,4.376559734344482,0.00015,25744
82,25786,-8.212570741690465,nan,3.6815578937530518,0.00015,25786
83,25825,-11.14702487115452,nan,2.615309238433838,0.00015,25825
84,25886,-8.694482017025798,nan,4.181869983673096,0.00015,25886
85,25925,-9.57870411709457,nan,4.079536437988281,0.00015,25925
86,25963,-9.69145204883356,nan,3.802464485168457,7.5e-05,25963
87,26074,6.544108893499919,nan,4.127261161804199,7.5e-05,26074
88,27674,271.1462417231674,nan,5.107728481292725,7.5e-05,27674
89,27726,-2.653238616583595,nan,5.038893699645996,7.5e-05,27726
90,27800,-6.871202606782803,nan,3.693251371383667,7.5e-05,27800
91,27920,-6.1407559954093145,nan,4.083085060119629,7.5e-05,27920
92,27987,-0.04811788645342041,nan,4.752692222595215,7.5e-05,27987
93,28112,-7.017654536121571,nan,6.160195350646973,7.5e-05,28112
94,28161,-6.910619838124976,nan,4.098006248474121,7.5e-05,28161
95,28260,-0.6854908562010191,nan,8.717216491699219,7.5e-05,28260
96,28330,-7.620806510567553,nan,3.5949888229370117,7.5e-05,28330
97,29930,409.8313920110761,nan,7.965651512145996,7.5e-05,29930
98,30215,102.33556416336526,nan,7.559099197387695,7.5e-05,30215
99,30321,-5.394761983372961,nan,5.009466171264648,7.5e-05,30321
100,30366,-2.307377583146872,nan,10.70895767211914,7.5e-05,30366
101,30469,-1.3171129972755722,nan,6.435049533843994,7.5e-05,30469
102,30604,4.231189459884286,nan,7.093705177307129,7.5e-05,30604
103,30685,-4.51696242179512,nan,6.822473526000977,7.5e-05,30685
104,30771,-2.4921413484524395,nan,9.32246208190918,7.5e-05,30771
105,30822,-4.6634233100796845,nan,7.542573928833008,7.5e-05,30822
106,30868,-6.009468805837831,nan,5.47337532043457,7.5e-05,30868
107,30913,-7.0308398670754,nan,9.224575996398926,7.5e-05,30913
108,30958,-7.692420840011425,nan,9.985098838806152,7.5e-05,30958
109,31014,-8.152350394371062,nan,8.000953674316406,7.5e-05,31014
110,31062,-3.306832956131494,nan,8.853321075439453,7.5e-05,31062
111,31118,-8.808548752667466,nan,4.003420352935791,7.5e-05,31118
112,31282,5.350153045499766,nan,5.205163955688477,3.75e-05,31282
113,31461,5.665258864547027,nan,8.630276679992676,3.75e-05,31461
114,33061,339.40870969796543,nan,11.915582656860352,3.75e-05,33061
115,33120,-2.4594267543104706,nan,9.363224029541016,3.75e-05,33120
116,33187,-2.6640552867249623,nan,14.013176918029785,3.75e-05,33187
117,33273,-2.664523560421874,nan,13.276195526123047,3.75e-05,33273
118,33360,-4.622733071870812,nan,17.937423706054688,3.75e-05,33360
119,33402,-3.7918207734624847,nan,6.67669677734375,3.75e-05,33402
120,33456,-4.324814506496306,nan,15.194005012512207,3.75e-05,33456
121,33510,-10.05630625705722,nan,12.841161727905273,3.75e-05,33510
122,33549,-6.986156999751115,nan,20.12887191772461,3.75e-05,33549
123,33658,1.3784478497263777,nan,11.422568321228027,3.75e-05,33658
124,33742,-6.921117390369663,nan,9.680745124816895,3.75e-05,33742
125,35205,269.97068566254484,nan,17.701492309570312,3.75e-05,35205
126,35325,-3.0757358647216453,nan,13.63583755493164,3.75e-05,35325
127,35514,1.2788329818804058,nan,19.209461212158203,3.75e-05,35514
128,35564,-7.304004186080197,nan,13.166921615600586,3.75e-05,35564
129,37164,373.46639193340013,nan,14.111452102661133,3.75e-05,37164
130,37309,14.163121890206128,nan,21.038837432861328,3.75e-05,37309
131,37360,-2.3573746319253557,nan,32.39439010620117,3.75e-05,37360
132,37413,-3.9361637292599934,nan,19.381935119628906,3.75e-05,37413
133,37489,-2.1707018989943423,nan,14.379484176635742,3.75e-05,37489
134,37587,-5.8161619211266835,nan,20.666484832763672,3.75e-05,37587
135,37687,-0.7919828339171922,nan,23.493385314941406,3.75e-05,37687
136,37759,-7.798303204181033,nan,19.504566192626953,3.75e-05,37759
137,37829,-2.2651436040203814,nan,22.271106719970703,3.75e-05,37829
138,37940,4.590465451695598,nan,23.513378143310547,1.875e-05,37940
139,38082,-1.8304555370380573,nan,17.042499542236328,1.875e-05,38082
140,39682,351.6347757813844,nan,39.769283294677734,1.875e-05,39682
141,39869,21.18866946942806,nan,34.83055877685547,1.875e-05,39869
142,41469,362.7426064658261,nan,84.62013244628906,1.875e-05,41469
143,41546,3.0625656152372507,nan,65.84893798828125,1.875e-05,41546
144,41649,-3.7996082165036817,nan,36.385520935058594,1.875e-05,41649
145,41711,-6.5928556996321355,nan,46.57196044921875,1.875e-05,41711
146,43311,377.8313085363189,nan,58.74085235595703,1.875e-05,43311
147,43380,-1.7623248523914086,nan,49.25072479248047,1.875e-05,43380
148,43441,0.16735457801892295,nan,58.55577850341797,1.875e-05,43441
149,45041,377.5785570003383,nan,78.68861389160156,1.875e-05,45041
150,45635,112.63442748968832,nan,80.0916976928711,1.875e-05,45635
151,45707,-7.322080355670325,nan,59.13215637207031,1.875e-05,45707
152,45793,-6.491095635369305,nan,70.47613525390625,1.875e-05,45793
153,47393,369.7280394039217,nan,102.0792236328125,1.875e-05,47393
154,47440,-2.6499210633028394,nan,95.98170471191406,1.875e-05,47440
155,47514,-4.5071750688683325,nan,122.74522399902344,1.875e-05,47514
156,49114,379.8959502682696,nan,168.06663513183594,1.875e-05,49114
157,49231,9.098014344956917,nan,87.63848876953125,1.875e-05,49231
158,49310,-6.277671863333185,nan,159.80117797851562,1.875e-05,49310
159,49429,3.2023567247487144,nan,132.8345184326172,1.875e-05,49429
160,49545,0.32203450016853274,nan,174.94607543945312,1.875e-05,49545
161,51145,381.77583808205804,nan,180.4432373046875,1.875e-05,51145
162,52745,345.6807505072992,nan,203.32077026367188,1.875e-05,52745
163,52803,-0.200124962235952,nan,208.607421875,1.875e-05,52803
164,52852,-3.518163077387169,nan,180.33309936523438,9.375e-06,52852
165,54452,352.66405070125063,nan,212.31344604492188,9.375e-06,54452
166,54494,-3.937972792633052,nan,163.96173095703125,9.375e-06,54494
167,54540,-5.657584196078581,nan,203.71885681152344,9.375e-06,54540
168,54582,-6.4590749630222914,nan,204.21530151367188,9.375e-06,54582
169,54669,5.4785044068572795,nan,192.59893798828125,9.375e-06,54669
170,54764,2.982033187437887,nan,171.17013549804688,9.375e-06,54764
171,54807,-4.053644707381396,nan,153.6221160888672,9.375e-06,54807
172,56407,730.2100727010405,nan,313.69415283203125,9.375e-06,56407
173,56491,24.335900671350117,nan,186.4044189453125,9.375e-06,56491
174,56619,-6.636088128663075,nan,200.5896759033203,9.375e-06,56619
175,56677,-4.219160883118802,nan,141.6060791015625,9.375e-06,56677
176,56713,-3.941945670414909,nan,287.41412353515625,9.375e-06,56713
177,56759,-1.7281824276898554,nan,122.6969985961914,9.375e-06,56759
178,56811,-1.5579516605179506,nan,236.537353515625,9.375e-06,56811
179,56850,-3.753217606054771,nan,208.32533264160156,9.375e-06,56850
180,56889,-3.281554746883158,nan,322.92529296875,9.375e-06,56889
181,56932,-2.8221369571914776,nan,254.06967163085938,9.375e-06,56932
182,56970,-3.873485034149593,nan,171.84658813476562,9.375e-06,56970
183,57012,-3.389504637615489,nan,260.702392578125,9.375e-06,57012
184,57116,3.761660091925803,nan,291.60791015625,9.375e-06,57116
185,57154,-3.991705234402761,nan,372.0711669921875,9.375e-06,57154
186,57200,-2.7124704519386427,nan,278.5935974121094,9.375e-06,57200
187,57242,-2.3178104521704714,nan,278.7054138183594,9.375e-06,57242
188,57285,-3.9071720464404223,nan,197.38108825683594,9.375e-06,57285
189,57341,-1.098951213354722,nan,188.8743133544922,9.375e-06,57341
190,57393,-1.0189274143054856,nan,277.7440185546875,4.6875e-06,57393
191,57438,-3.4039392496330017,nan,157.4451904296875,4.6875e-06,57438
192,57495,0.6618513704695754,nan,277.0373840332031,4.6875e-06,57495
193,57539,-2.593322171196135,nan,252.1927490234375,4.6875e-06,57539
194,57594,-0.5581317777533368,nan,231.7819061279297,4.6875e-06,57594
195,57641,-2.331631938142719,nan,325.0400085449219,4.6875e-06,57641
196,57696,0.1162513077825782,nan,259.708984375,4.6875e-06,57696
197,57749,-2.5039676630874927,nan,271.2022705078125,4.6875e-06,57749
198,57798,-0.8600005179357648,nan,232.5439453125,4.6875e-06,57798
199,57840,-2.922229590164604,nan,239.19142150878906,4.6875e-06,57840
200,57879,-4.231691989174913,nan,232.6514892578125,4.6875e-06,57879
201,57927,-2.0901623854000597,nan,159.53866577148438,4.6875e-06,57927
202,57970,-2.768431316602534,nan,287.09014892578125,4.6875e-06,57970
203,58020,-1.5073028919002098,nan,210.51040649414062,4.6875e-06,58020
204,58077,-0.15271820129845892,nan,97.99198913574219,4.6875e-06,58077
205,58121,-2.168728808504528,nan,280.31109619140625,4.6875e-06,58121
206,58177,0.1764140596785655,nan,367.219970703125,4.6875e-06,58177
207,58230,-0.23876879966974407,nan,159.44882202148438,4.6875e-06,58230
208,58288,-1.2115064263464177,nan,223.724853515625,4.6875e-06,58288
209,58340,-0.8589772841520134,nan,254.22467041015625,4.6875e-06,58340
210,58393,-0.8335460176186391,nan,314.8508605957031,4.6875e-06,58393
211,58446,0.37199518128910647,nan,383.91766357421875,4.6875e-06,58446
212,58494,-1.3599544604706022,nan,255.49403381347656,4.6875e-06,58494
213,58548,-0.5252484689701351,nan,211.3929443359375,4.6875e-06,58548
214,58602,-1.2424625768948214,nan,308.5003662109375,4.6875e-06,58602
215,58651,-0.49851701829283535,nan,353.8802795410156,4.6875e-06,58651
216,58697,-1.385104296301531,nan,362.20281982421875,2.34375e-06,58697
217,58750,-0.6194758623911216,nan,302.3829345703125,2.34375e-06,58750
218,58801,-1.3659976717646742,nan,274.2671813964844,2.34375e-06,58801
219,58852,-1.5801455148289083,nan,253.7991943359375,2.34375e-06,58852
220,58905,-0.44717727132523777,nan,276.8861083984375,2.34375e-06,58905
221,58958,-1.0430047168622796,nan,300.248046875,2.34375e-06,58958
222,59011,-1.0109284819653546,nan,343.136474609375,2.34375e-06,59011
223,59065,-1.0533650388995799,nan,322.77850341796875,2.34375e-06,59065
224,59117,-0.648288388800097,nan,326.5081481933594,2.34375e-06,59117
225,59187,2.1404047093307046,nan,345.7656555175781,2.34375e-06,59187
226,59231,-2.1384428520109378,nan,207.94383239746094,2.34375e-06,59231
227,59278,-1.8109849263906455,nan,278.19091796875,2.34375e-06,59278
228,59324,-1.702653396283992,nan,307.1523132324219,2.34375e-06,59324
229,59375,-0.31555148474681793,nan,318.7718505859375,2.34375e-06,59375
230,59474,5.28799241634373,nan,234.6388397216797,2.34375e-06,59474
231,61074,174.39148102044865,nan,285.2468566894531,2.34375e-06,61074
232,61122,-5.238986105733549,nan,407.56512451171875,2.34375e-06,61122
233,61184,-4.5073371436122835,nan,332.503662109375,2.34375e-06,61184
234,62784,377.64180043973363,nan,450.38812255859375,2.34375e-06,62784
235,62879,-2.373389988562855,nan,266.1443786621094,2.34375e-06,62879
236,62928,-3.1608991603741146,nan,317.0283203125,2.34375e-06,62928
237,62976,-2.7554048787864343,nan,552.5399169921875,2.34375e-06,62976
238,63021,-3.6830264056858892,nan,353.75848388671875,2.34375e-06,63021
239,64621,373.76599950119476,nan,313.47540283203125,2.34375e-06,64621
240,64723,5.076300394553407,nan,440.34442138671875,2.34375e-06,64723
241,64809,-7.921208133657185,nan,369.12738037109375,2.34375e-06,64809
242,64856,-5.647104175225771,nan,509.0304870605469,1.171875e-06,64856
243,64900,-6.684916396250842,nan,364.38079833984375,1.171875e-06,64900
244,64985,-3.53797610967428,nan,406.06585693359375,1.171875e-06,64985
245,65026,-6.22073501300785,nan,540.345458984375,1.171875e-06,65026
246,65086,-8.686982268672029,nan,535.7451782226562,1.171875e-06,65086
247,65128,-6.305132925397795,nan,259.6976623535156,1.171875e-06,65128
248,65165,-6.3003822603627935,nan,459.1624450683594,1.171875e-06,65165
249,65200,-6.512529224703442,nan,643.1692504882812,1.171875e-06,65200
250,65249,-5.068917796767754,nan,590.9781494140625,1.171875e-06,65249
251,65293,-6.039104897727029,nan,459.0597839355469,1.171875e-06,65293
252,65387,-2.382648976605279,nan,611.716064453125,1.171875e-06,65387
253,65439,-6.950959080663939,nan,443.4962463378906,1.171875e-06,65439
254,65489,-4.8987113353571266,nan,467.9007873535156,1.171875e-06,65489
255,65537,-3.602874168758839,nan,535.5564575195312,1.171875e-06,65537
256,65622,-1.0281115789515027,nan,697.573486328125,1.171875e-06,65622
257,65679,-6.520276690531606,nan,663.2166748046875,1.171875e-06,65679
258,65754,-5.328308098556153,nan,576.51904296875,1.171875e-06,65754
259,65796,-5.913859429607123,nan,481.3573913574219,1.171875e-06,65796
260,65872,-6.1778028293681695,nan,459.6026916503906,1.171875e-06,65872
261,65929,-9.416473297345748,nan,499.76275634765625,1.171875e-06,65929
262,65975,-4.8515064130872805,nan,449.0016784667969,1.171875e-06,65975
263,66023,-4.979129614437241,nan,698.9242553710938,1.171875e-06,66023
264,66057,-6.141623897441401,nan,591.2487182617188,1.171875e-06,66057
265,66122,-6.3652138962378775,nan,583.001220703125,1.171875e-06,66122
266,66188,-0.4574033772151793,nan,506.9166564941406,1.171875e-06,66188
267,66243,-2.7836889043131086,nan,405.79443359375,1.171875e-06,66243
268,67843,374.12347502662476,nan,651.04296875,1e-06,67843
269,67906,-2.7742405326532573,nan,725.72412109375,1e-06,67906
270,69506,354.8867142321347,nan,846.7174072265625,1e-06,69506
271,69622,7.552896815391035,nan,681.291259765625,1e-06,69622
272,69664,-6.267890806033982,nan,658.8514404296875,1e-06,69664
273,71264,314.21006606845253,nan,453.557373046875,1e-06,71264
274,71331,-3.0727634803398898,nan,837.373291015625,1e-06,71331
275,72931,370.740403939053,nan,1038.621337890625,1e-06,72931
276,72973,-3.2775779776408775,nan,704.7208862304688,1e-06,72973
277,74573,365.8555997306431,nan,1205.51708984375,1e-06,74573
278,74641,-2.220315836222209,nan,1425.970458984375,1e-06,74641
279,76241,370.29387653843827,nan,1276.16796875,1e-06,76241
280,76285,-2.4939138072050495,nan,1916.81396484375,1e-06,76285
281,77885,369.1333268830105,nan,1287.49853515625,1e-06,77885
282,77964,3.808870699992637,nan,1792.671142578125,1e-06,77964
283,79564,374.1546333064359,nan,1262.574951171875,1e-06,79564
284,79606,-6.382138453135296,nan,1862.408203125,1e-06,79606
285,79647,-9.605955402852306,nan,1553.8369140625,1e-06,79647
286,81247,364.929968469986,nan,2230.95947265625,1e-06,81247
287,81327,0.38903558812925176,nan,2141.458984375,1e-06,81327
288,82927,374.66708520481853,nan,1735.85888671875,1e-06,82927
289,84527,346.24017727539365,nan,3148.22021484375,1e-06,84527
290,84654,15.171680381225865,nan,1547.2252197265625,1e-06,84654
291,84692,-3.890388670186347,nan,2068.998046875,1e-06,84692
292,84743,-1.5316907170110028,nan,3376.779052734375,1e-06,84743
293,84782,-4.203924726588151,nan,3018.36083984375,1e-06,84782
294,84826,-4.076703377398805,nan,2602.1279296875,1e-06,84826
295,86426,370.2750715381137,nan,954.834716796875,1e-06,86426
296,88026,369.6738014326136,nan,2279.9140625,1e-06,88026
297,88106,3.346174292487426,nan,2816.1484375,1e-06,88106
298,89706,375.6495814319764,nan,5047.654296875,1e-06,89706
299,89765,0.6351750894065482,nan,3667.799560546875,1e-06,89765
300,89809,-3.3634598549697525,nan,4431.310546875,1e-06,89809
301,91409,368.58833082978987,nan,4537.703125,1e-06,91409
302,91461,-1.4994510121207671,nan,5249.8076171875,1e-06,91461
303,93061,377.93742230649656,nan,5473.6220703125,1e-06,93061
304,94661,365.6137003851969,nan,3158.2060546875,1e-06,94661
305,94739,-4.090698798743612,nan,5671.15380859375,1e-06,94739
306,96339,367.2724650470182,nan,5454.251953125,1e-06,96339
307,96391,-3.2212417697025115,nan,6628.9912109375,1e-06,96391
308,97991,380.734716360394,nan,8144.1162109375,1e-06,97991
309,98071,-4.31769141875923,nan,7906.4375,1e-06,98071
310,99671,374.0181395990755,nan,10118.423828125,1e-06,99671
311,99714,-4.421199763860354,nan,8948.0908203125,1e-06,99714
312,101314,382.393643471097,nan,8512.9248046875,1e-06,101314
313,101360,-3.324607814183289,nan,9569.837890625,1e-06,101360
314,102960,349.675085985908,nan,9025.5595703125,1e-06,102960
315,103102,14.232014497483956,nan,8717.091796875,1e-06,103102
316,104047,180.78106010991453,nan,9393.5048828125,1e-06,104047
317,105647,359.86694786714,nan,11915.8857421875,1e-06,105647
318,105689,-5.015696973900484,nan,16699.2578125,1e-06,105689
319,107289,368.3827326748582,nan,8546.521484375,1e-06,107289
320,107337,-5.222702459983102,nan,8456.8388671875,1e-06,107337
321,108937,374.4958710987317,nan,15428.642578125,1e-06,108937
322,109017,5.363444729463271,nan,16118.8642578125,1e-06,109017
323,109076,-1.522747933652548,nan,6910.3154296875,1e-06,109076
324,109116,-4.835398877496863,nan,7607.0234375,1e-06,109116
325,110716,358.99584353772707,nan,12979.17578125,1e-06,110716
326,112316,377.8056098534349,nan,16151.517578125,1e-06,112316
327,112424,1.9246994701548612,nan,14391.5966796875,1e-06,112424
328,112487,-2.426407555761407,nan,20273.12109375,1e-06,112487
329,112533,-4.309094224438713,nan,13304.39453125,1e-06,112533
330,112580,-3.6365221807684174,nan,11217.89453125,1e-06,112580
331,112637,-3.0871815230228608,nan,11478.712890625,1e-06,112637
332,112679,-4.323278488607236,nan,17527.595703125,1e-06,112679
333,112733,-2.3378976878198587,nan,8205.4921875,1e-06,112733
334,112794,-2.3473250423999676,nan,12519.998046875,1e-06,112794
335,112849,-2.513683416838269,nan,11465.65625,1e-06,112849
336,112919,-4.797119172684401,nan,9544.017578125,1e-06,112919
337,112972,-4.160222055940936,nan,15675.671875,1e-06,112972
338,113027,-2.874927545615683,nan,18188.1875,1e-06,113027
339,113074,-3.141190366201421,nan,22896.947265625,1e-06,113074
340,113130,-2.3631318781194484,nan,20346.802734375,1e-06,113130
341,113172,-3.2647510468143413,nan,14128.404296875,1e-06,113172
342,113233,-4.0967658690166235,nan,15414.771484375,1e-06,113233
343,113281,-3.459813148004484,nan,15733.52734375,1e-06,113281
344,113331,-3.192314420232205,nan,23694.166015625,1e-06,113331
345,113394,-5.963661970067784,nan,14861.23046875,1e-06,113394
346,113444,-4.065985942541193,nan,13592.2666015625,1e-06,113444
347,113490,-3.1167732741522682,nan,15577.7421875,1e-06,113490
348,113543,-2.8896648143254238,nan,14711.1728515625,1e-06,113543
349,113616,-6.165926364283747,nan,13886.166015625,1e-06,113616
350,113687,-7.139149130521515,nan,21289.771484375,1e-06,113687
351,113732,-4.552189291003467,nan,20407.03125,1e-06,113732
352,113781,-4.758867359752444,nan,10549.7900390625,1e-06,113781
353,113847,-0.7407482527757345,nan,15293.55859375,1e-06,113847
354,113934,-5.489854566126152,nan,15988.38671875,1e-06,113934
355,113988,-1.4818292627294607,nan,21984.43359375,1e-06,113988
356,114051,-4.171812980675443,nan,15177.75,1e-06,114051
357,114114,-3.9401929834467175,nan,16961.43359375,1e-06,114114
358,114160,-2.5870140449403447,nan,18489.3515625,1e-06,114160
359,114218,-3.8267014491733535,nan,14941.142578125,1e-06,114218
360,114290,-4.520226373918184,nan,19674.41796875,1e-06,114290
361,114335,-5.494642229743464,nan,14645.28515625,1e-06,114335
362,114415,-5.34923090423995,nan,20566.109375,1e-06,114415
363,114476,-2.092153644061688,nan,17950.30859375,1e-06,114476
364,114525,-2.8067997911610787,nan,17332.978515625,1e-06,114525
365,114594,-8.211593510487557,nan,17893.478515625,1e-06,114594
366,114652,-2.946824444448162,nan,12436.037109375,1e-06,114652
367,114703,-1.7428887621172358,nan,18875.9609375,1e-06,114703
368,114775,-5.6134597886668205,nan,18918.16796875,1e-06,114775
369,114835,-3.021827897608831,nan,15026.4375,1e-06,114835
370,114901,-2.7494591455823887,nan,15756.5390625,1e-06,114901
371,114952,-3.2933928913477786,nan,18797.716796875,1e-06,114952
372,115009,-0.14512022359189025,nan,18365.71484375,1e-06,115009
373,116609,376.3444543156562,nan,8985.21875,1e-06,116609
374,116657,-3.7524858730559085,nan,18442.859375,1e-06,116657
375,117077,65.49411622996217,nan,18884.48046875,1e-06,117077
376,117242,1.3742265315911766,nan,11148.31640625,1e-06,117242
377,117327,-5.141890660667849,nan,8602.7724609375,1e-06,117327
378,117380,-3.429967180741916,nan,9538.30859375,1e-06,117380
379,117432,-3.1597982364621524,nan,16941.982421875,1e-06,117432
380,117485,-1.2328774109927476,nan,13094.142578125,1e-06,117485
381,117540,-3.98575863727227,nan,18539.109375,1e-06,117540
382,117593,-2.7344838141354986,nan,18635.11328125,1e-06,117593
383,117882,43.219174493825605,nan,22321.8515625,1e-06,117882
384,117976,0.40345253732407294,nan,19205.80078125,1e-06,117976
385,118064,-1.4258719301068687,nan,24145.9296875,1e-06,118064
386,119664,357.5623419848445,nan,27211.03515625,1e-06,119664
387,119746,5.6162264906310835,nan,28767.484375,1e-06,119746
388,119822,4.494638241912531,nan,20459.6328125,1e-06,119822
389,120880,206.77269854236567,nan,18502.12109375,1e-06,120880
390,120957,0.6805521140081154,nan,21696.291015625,1e-06,120957
391,121045,-7.392838536023027,nan,17482.0703125,1e-06,121045
392,121101,-3.4510588786080225,nan,24942.6015625,1e-06,121101
393,121173,-5.7539747579018155,nan,22178.5390625,1e-06,121173
394,121218,-7.580095076158597,nan,22466.046875,1e-06,121218
395,121307,-7.139102639523266,nan,21740.884765625,1e-06,121307
396,121395,-4.173125711277684,nan,15927.21875,1e-06,121395
397,121499,-5.29402342841745,nan,15382.71875,1e-06,121499
398,121558,-2.9294698730192277,nan,19472.28515625,1e-06,121558
399,121691,2.5790325929149667,nan,17873.44921875,1e-06,121691
400,121806,4.277673752150466,nan,25132.57421875,1e-06,121806
401,121873,-7.289977001141779,nan,12411.681640625,1e-06,121873
402,121917,-5.1861076355405356,nan,20206.55859375,1e-06,121917
403,121959,-5.37241848541431,nan,25962.81640625,1e-06,121959
404,122026,-7.0912866163982695,nan,17740.818359375,1e-06,122026
405,122073,-4.629580458648244,nan,18706.375,1e-06,122073
406,122119,-4.304409890800495,nan,18335.453125,1e-06,122119
407,122169,-3.613459836831341,nan,14302.8662109375,1e-06,122169
408,122226,-1.8741519307831904,nan,29271.017578125,1e-06,122226
409,122297,-6.692203954131655,nan,27781.376953125,1e-06,122297
410,122344,-4.425422553131182,nan,21435.33984375,1e-06,122344
411,123877,281.4861559851719,nan,22457.0,1e-06,123877
412,124059,18.269396639925503,nan,29706.73828125,1e-06,124059
413,125659,368.98919685195995,nan,23407.6953125,1e-06,125659
414,127259,374.22827865816487,nan,32940.45703125,1e-06,127259
415,127330,4.4083458807851645,nan,31441.6640625,1e-06,127330
416,128363,207.30178544677239,nan,30230.830078125,1e-06,128363
417,128443,1.0431995624184616,nan,26450.8203125,1e-06,128443
418,128539,-0.22391299647573426,nan,26317.6875,1e-06,128539
419,128627,-2.286351139659504,nan,25481.3046875,1e-06,128627
420,128728,3.974375810438808,nan,18624.2109375,1e-06,128728
421,128869,8.960822047694894,nan,30938.8671875,1e-06,128869
422,128977,-3.0990164842109014,nan,30443.70703125,1e-06,128977
423,129065,0.3118257597497376,nan,9720.4248046875,1e-06,129065
424,129113,-7.5584026055349085,nan,27072.05859375,1e-06,129113
425,129159,-7.17216158833531,nan,23458.5234375,1e-06,129159
426,129207,-3.6340976863790244,nan,21679.865234375,1e-06,129207
427,130807,348.45815812717774,nan,19977.1796875,1e-06,130807
428,132407,360.41190405841763,nan,14931.173828125,1e-06,132407
429,132453,-2.4534263084859553,nan,12920.650390625,1e-06,132453
430,132510,-7.415283392309336,nan,14036.6572265625,1e-06,132510
431,134110,367.2740702252299,nan,12159.74609375,1e-06,134110
432,134182,-1.4320453582739692,nan,13119.046875,1e-06,134182
433,135782,371.66992032850146,nan,13198.197265625,1e-06,135782
434,135862,5.192239231742915,nan,7344.1494140625,1e-06,135862
435,135945,2.9348503229996723,nan,8501.2197265625,1e-06,135945
436,137545,373.49196053978767,nan,8628.134765625,1e-06,137545
437,137590,-2.529489822045538,nan,6224.2568359375,1e-06,137590
438,139190,374.5853629914007,nan,10124.833984375,1e-06,139190
439,139272,6.067729016108689,nan,10753.5966796875,1e-06,139272
440,139379,-6.2259800485933585,nan,6671.64501953125,1e-06,139379
441,140979,323.4239786020318,nan,8592.2509765625,1e-06,140979
442,142579,377.57480508823215,nan,5883.58203125,1e-06,142579
443,142641,2.8161292968953173,nan,7649.75732421875,1e-06,142641
444,142683,-2.8735042018292694,nan,5614.6220703125,1e-06,142683
445,142725,-4.1470779668683,nan,6239.1845703125,1e-06,142725
446,142768,-4.146990261502426,nan,9146.98828125,1e-06,142768
447,142819,-1.0685653516234535,nan,7165.625,1e-06,142819
448,142867,-0.77431842538744,nan,3201.4130859375,1e-06,142867
449,142941,-9.364364071315265,nan,5727.51513671875,1e-06,142941
450,143016,-4.009001926840728,nan,6334.5576171875,1e-06,143016
451,144110,216.39015267786579,nan,4640.01318359375,1e-06,144110
452,144166,-0.39113889476687547,nan,6836.13623046875,1e-06,144166
453,145766,378.93817476955803,nan,3882.37353515625,1e-06,145766
454,145827,1.6201504159090305,nan,5148.294921875,1e-06,145827
455,147427,372.6261140264822,nan,5417.19482421875,1e-06,147427
456,147500,4.649775683701886,nan,7428.9521484375,1e-06,147500
457,147604,11.705753523897092,nan,8410.3720703125,1e-06,147604
458,147706,4.795227429070673,nan,5804.1923828125,1e-06,147706
459,147793,-2.8513301749480737,nan,8048.328125,1e-06,147793
460,147849,-1.999029903019352,nan,5655.02783203125,1e-06,147849
461,147935,-5.50436198982026,nan,5393.92822265625,1e-06,147935
462,148064,-0.3292580883105689,nan,5337.06640625,1e-06,148064
463,148140,0.9208881801296105,nan,4683.65234375,1e-06,148140
464,148193,-5.314826731477374,nan,11900.87890625,1e-06,148193
465,149793,698.9947733356347,nan,7300.6630859375,1e-06,149793
466,149838,4.820216846450217,nan,6500.5517578125,1e-06,149838
467,151438,367.1774106813676,nan,10158.6689453125,1e-06,151438
468,151491,-2.4678986450968967,nan,6757.00927734375,1e-06,151491
469,153091,372.2732452933843,nan,10400.890625,1e-06,153091
470,153140,-1.8878557752086191,nan,9058.693359375,1e-06,153140
471,153181,-3.7365179682648995,nan,10567.8359375,1e-06,153181
472,153225,-3.7591484011308722,nan,5973.8095703125,1e-06,153225
473,154825,381.91521905346804,nan,9451.2939453125,1e-06,154825
474,154867,-3.0927537415094424,nan,17661.107421875,1e-06,154867
475,154909,-4.3573990548767085,nan,10308.0654296875,1e-06,154909
476,156509,369.81155970916154,nan,13649.20703125,1e-06,156509
477,158109,371.71769559866755,nan,11081.94921875,1e-06,158109
478,158152,-3.6473217652830545,nan,25032.48828125,1e-06,158152
479,159752,366.26509093098167,nan,16010.06640625,1e-06,159752
480,159794,-3.4896945728439785,nan,17741.55078125,1e-06,159794
481,161394,363.2328590875532,nan,38610.046875,1e-06,161394
482,161435,-4.820998929459131,nan,40450.1171875,1e-06,161435
483,163035,360.66479732031513,nan,45508.515625,1e-06,163035
484,163078,-2.614707327081635,nan,43235.65625,1e-06,163078
485,164678,360.70831072610343,nan,37953.53125,1e-06,164678
486,164770,8.91209904446557,nan,48189.78125,1e-06,164770
487,166370,341.761108929981,nan,62982.9765625,1e-06,166370
488,166511,3.7248378237266078,nan,62217.4921875,1e-06,166511
489,166576,-3.282598673315144,nan,52928.390625,1e-06,166576
490,166640,1.9511552566899049,nan,30665.66796875,1e-06,166640
491,166709,-1.4993417850215511,nan,57548.23046875,1e-06,166709
492,168309,660.118003844457,nan,63262.7109375,1e-06,168309
493,168350,-0.003392436171660407,nan,67392.328125,1e-06,168350
494,169950,163.60195230358474,nan,58453.640625,1e-06,169950
495,170003,-1.0533648164737972,nan,88286.546875,1e-06,170003
496,170042,-5.1530506626874155,nan,32590.83984375,1e-06,170042
497,170406,33.75644418975274,nan,62279.4296875,1e-06,170406
498,172006,122.87489111795213,nan,74086.671875,1e-06,172006
499,173606,130.30166762825152,nan,67855.8359375,1e-06,173606
500,175206,141.54299202997268,nan,109853.4140625,1e-06,175206
501,176806,118.87787275302767,nan,44508.359375,1e-06,176806
502,178406,163.4011288695705,nan,112117.1953125,1e-06,178406
503,180006,160.44552767418128,nan,142418.328125,1e-06,180006
504,180745,70.8124119187201,nan,91282.0625,1e-06,180745
505,180814,0.5747462941457968,nan,96396.671875,1e-06,180814
506,180918,9.985763637876623,nan,85876.234375,1e-06,180918
507,180975,-1.8675102965382617,nan,150655.453125,1e-06,180975
508,181074,7.153257848526785,nan,128174.9296875,1e-06,181074
509,181141,-1.1508873245134073,nan,97679.4296875,1e-06,181141
510,181209,-0.9876775019497259,nan,118190.1796875,1e-06,181209
511,181272,-4.774911091736411,nan,116490.3515625,1e-06,181272
512,182872,379.8338039708692,nan,100098.609375,1e-06,182872
513,184472,384.8032208718731,nan,86302.671875,1e-06,184472
514,184518,-2.677339665524598,nan,69663.15625,1e-06,184518
515,184564,-6.511945167092405,nan,112547.5,1e-06,184564
516,186164,380.52031422238116,nan,158054.09375,1e-06,186164
517,187764,389.26537754263694,nan,140867.15625,1e-06,187764
518,187808,-3.719766263300425,nan,114470.71875,1e-06,187808
519,187852,-7.638766141764283,nan,89129.734375,1e-06,187852
520,189452,385.5503188283842,nan,112562.171875,1e-06,189452
521,189491,-3.9701103476220414,nan,113348.703125,1e-06,189491
522,191091,389.19757539244205,nan,143696.90625,1e-06,191091
523,191129,-6.16612232057065,nan,106043.328125,1e-06,191129
524,192729,374.95423325010665,nan,112206.515625,1e-06,192729
525,192769,-4.322584317537596,nan,94584.0390625,1e-06,192769
526,194369,382.2856891889354,nan,135869.625,1e-06,194369
527,194408,-5.77389900925685,nan,114164.5703125,1e-06,194408
528,196008,378.7321932349609,nan,133010.28125,1e-06,196008
529,196046,-5.9736342842796395,nan,79063.375,1e-06,196046
530,197646,373.0250239350908,nan,98658.9609375,1e-06,197646
531,197685,-5.8516301053182636,nan,160875.15625,1e-06,197685
532,199285,381.15997897535283,nan,112314.375,1e-06,199285
533,199325,-4.425332465796662,nan,85006.0625,1e-06,199325
534,200925,380.6732028198352,nan,106129.9375,1e-06,200925
535,200964,-4.845627573207245,nan,105941.734375,1e-06,200964
536,202564,378.9510853000999,nan,77203.375,1e-06,202564
537,202604,-4.027344864182953,nan,111817.171875,1e-06,202604
538,204204,382.6980128171651,nan,82771.625,1e-06,204204
539,204247,-4.0434520139096515,nan,90225.609375,1e-06,204247
540,205847,387.9683773109724,nan,65002.671875,1e-06,205847
541,205886,-4.136715054213261,nan,85454.609375,1e-06,205886
542,207486,385.82609495953886,nan,106032.421875,1e-06,207486
543,207531,-2.9897778585848993,nan,80019.5859375,1e-06,207531
544,209131,380.1638302914781,nan,128328.796875,1e-06,209131
545,209171,-5.443067585723139,nan,112586.2109375,1e-06,209171
546,210771,383.1292306646454,nan,132922.1875,1e-06,210771
547,212371,387.8658396710355,nan,121853.734375,1e-06,212371
548,212417,-3.1005817574371184,nan,70951.875,1e-06,212417
549,214017,380.7859957595474,nan,104130.078125,1e-06,214017
550,215617,383.834021208061,nan,89171.40625,1e-06,215617
551,215661,-2.278683843290951,nan,113049.78125,1e-06,215661
552,215724,-5.723334450240818,nan,37681.34375,1e-06,215724
553,215773,-8.288615052917292,nan,77050.4765625,1e-06,215773
554,217373,368.106211745375,nan,94726.28125,1e-06,217373
555,218973,380.32532809537764,nan,165063.34375,1e-06,218973
556,220573,381.49622956307337,nan,53359.98828125,1e-06,220573
557,220618,-2.405480725953356,nan,92900.1171875,1e-06,220618
558,222218,384.52025861324375,nan,81788.5703125,1e-06,222218
559,222263,-2.404415571857765,nan,56901.671875,1e-06,222263
560,223863,367.05744291595016,nan,78817.9609375,1e-06,223863
561,223902,-4.622230236446232,nan,46256.5546875,1e-06,223902
562,223966,-7.178299684551259,nan,78410.7578125,1e-06,223966
563,225566,378.3597225718561,nan,70826.96875,1e-06,225566
564,225608,-2.544130976933525,nan,60157.4296875,1e-06,225608
565,225662,-8.18544529980599,nan,20237.265625,1e-06,225662
566,227262,382.07540021148105,nan,80525.75,1e-06,227262
567,227302,-4.096889763016873,nan,54805.890625,1e-06,227302
568,227353,-5.351192455292669,nan,69103.640625,1e-06,227353
569,228953,381.9215929890841,nan,52240.8828125,1e-06,228953
570,228995,-4.301012989315615,nan,62183.19140625,1e-06,228995
571,230595,379.76350410218305,nan,102907.28125,1e-06,230595
572,230637,-3.9979324499268802,nan,59346.6484375,1e-06,230637
573,232237,383.9868974964439,nan,45797.52734375,1e-06,232237
574,232281,-1.7131950705794043,nan,44321.77734375,1e-06,232281
575,232326,-5.445137530641978,nan,42936.6484375,1e-06,232326
576,232377,-6.891125717270751,nan,77753.28125,1e-06,232377
577,233977,376.2325553584218,nan,58292.86328125,1e-06,233977
578,235577,374.0097330434316,nan,19850.93359375,1e-06,235577
579,237177,381.69648513535174,nan,49018.55078125,1e-06,237177
580,238777,384.1893525007967,nan,33619.8671875,1e-06,238777
581,240377,381.0046713164215,nan,44414.203125,1e-06,240377
582,241977,383.3033021222676,nan,33403.0078125,1e-06,241977
583,243577,380.3166331518739,nan,24887.79296875,1e-06,243577
584,245177,382.7474194335857,nan,32430.2109375,1e-06,245177
585,246777,366.57740077341714,nan,26172.0390625,1e-06,246777
586,246836,0.5613865818797592,nan,29017.095703125,1e-06,246836
587,248436,383.53325109973565,nan,29890.97265625,1e-06,248436
588,250036,377.70767467371684,nan,27318.3359375,1e-06,250036
589,250076,-3.9338700510566538,nan,24201.92578125,1e-06,250076
590,250157,5.720564961978189,nan,23682.931640625,1e-06,250157
591,250203,-2.5583360512645372,nan,21155.26953125,1e-06,250203
592,250258,-1.6116872473556292,nan,21176.0078125,1e-06,250258
593,250372,3.1607076977566813,nan,26115.046875,1e-06,250372
594,251972,382.3215265391912,nan,27635.08984375,1e-06,251972
595,253572,384.33534736115007,nan,30537.076171875,1e-06,253572
596,253618,-1.3736591167929397,nan,28845.31640625,1e-06,253618
597,255218,378.7865973220331,nan,17979.693359375,1e-06,255218
598,256818,384.1638948652338,nan,24540.83984375,1e-06,256818
599,258418,384.70291981740286,nan,45093.0078125,1e-06,258418
600,260018,380.28603186473583,nan,16327.712890625,1e-06,260018
601,261618,378.4912868627884,nan,7680.37158203125,1e-06,261618
602,261658,-2.596884844637505,nan,9991.5625,1e-06,261658
603,263258,386.6024333675676,nan,33114.1484375,1e-06,263258
604,264858,384.54093076248836,nan,41635.75,1e-06,264858
605,264922,1.3408166588969124,nan,11026.92578125,1e-06,264922
606,264974,0.24997088859841377,nan,16352.12109375,1e-06,264974
607,265143,21.173605854387166,nan,13271.05859375,1e-06,265143
608,266743,367.5219581908826,nan,21192.443359375,1e-06,266743
609,268343,387.4979429852012,nan,35831.9140625,1e-06,268343
610,269943,386.1458506714684,nan,17746.015625,1e-06,269943
611,271543,383.77920980712753,nan,17386.64453125,1e-06,271543
612,273143,387.36345537013256,nan,36990.5546875,1e-06,273143
613,273182,-4.726769929459967,nan,21205.84765625,1e-06,273182
614,274782,383.55783692113255,nan,17815.99609375,1e-06,274782
615,274823,-3.837059290630772,nan,15745.236328125,1e-06,274823
616,276423,363.9289610293802,nan,33767.02734375,1e-06,276423
617,276463,-6.605158695244532,nan,15693.6962890625,1e-06,276463
618,278063,358.7815979184113,nan,15964.1552734375,1e-06,278063
619,278127,1.5512935891419986,nan,16024.1796875,1e-06,278127
620,278194,2.5879577882371425,nan,20257.734375,1e-06,278194
621,279794,386.79577958027534,nan,10863.4453125,1e-06,279794
622,279836,-2.6069573289786687,nan,13828.2158203125,1e-06,279836
623,281436,365.2272056953224,nan,19632.890625,1e-06,281436
624,283036,386.9141191262221,nan,20254.37890625,1e-06,283036
625,283082,-2.2647874615330386,nan,13886.330078125,1e-06,283082
626,283222,11.0628712276437,nan,12302.853515625,1e-06,283222
627,283294,0.29481790146890674,nan,11657.7421875,1e-06,283294
628,283338,-7.546716134837423,nan,10655.458984375,1e-06,283338
629,283428,-3.1155757009802967,nan,39352.8359375,1e-06,283428
630,283523,-9.42706321228573,nan,11921.48828125,1e-06,283523
631,285123,384.1844981764342,nan,19121.421875,1e-06,285123
632,285175,-0.3520609385933806,nan,13751.1279296875,1e-06,285175
633,285290,0.07551758711497492,nan,11314.23046875,1e-06,285290
634,286890,377.64903828428146,nan,22011.873046875,1e-06,286890
635,286944,0.2945674768736435,nan,51649.7578125,1e-06,286944
636,288544,357.86629661099266,nan,14855.064453125,1e-06,288544
637,288583,-4.7332796055326165,nan,8580.9609375,1e-06,288583
638,288680,-1.8207019967681806,nan,35577.3671875,1e-06,288680
639,288783,7.148306946525333,nan,22521.6640625,1e-06,288783
640,288886,2.8662486746730558,nan,20842.828125,1e-06,288886
641,288959,3.3979667400289273,nan,14831.1591796875,1e-06,288959
642,289075,7.231399579412459,nan,11363.91796875,1e-06,289075
643,289138,-2.238013696377604,nan,27349.70703125,1e-06,289138
644,289254,-8.73500905617878,nan,17862.970703125,1e-06,289254
645,289368,-3.1731382654029208,nan,19620.0703125,1e-06,289368
646,290968,372.4441901901601,nan,16923.685546875,1e-06,290968
647,291016,-1.3389442812475014,nan,15130.1181640625,1e-06,291016
648,291053,-6.643483211272031,nan,22191.85546875,1e-06,291053
649,292653,345.6772043743387,nan,13190.990234375,1e-06,292653
650,294253,373.5308845906092,nan,8818.0859375,1e-06,294253
651,294295,-2.2893285305819884,nan,15848.0751953125,1e-06,294295
652,295895,290.43318870265756,nan,29811.748046875,1e-06,295895
653,295938,-1.9233490574708139,nan,21923.42578125,1e-06,295938
654,295983,-3.6848620946886346,nan,31480.396484375,1e-06,295983
655,296038,-2.0050891806888984,nan,36535.44140625,1e-06,296038
656,296100,-7.505579890275644,nan,34506.484375,1e-06,296100
657,296190,-7.123973705285361,nan,13151.7509765625,1e-06,296190
658,296236,-9.322617554138189,nan,20229.802734375,1e-06,296236
659,296324,-9.68144487697678,nan,12890.3056640625,1e-06,296324
660,296364,-8.698145941808566,nan,25094.21484375,1e-06,296364
661,297964,386.6637631382875,nan,18566.236328125,1e-06,297964
662,298008,-2.7221752109168333,nan,20880.197265625,1e-06,298008
663,298084,-1.439001389058932,nan,12675.263671875,1e-06,298084
664,298133,-0.9182242343388793,nan,21741.26953125,1e-06,298133
665,298221,0.3468368852566499,nan,18075.283203125,1e-06,298221
666,298322,1.185103519204663,nan,24009.23828125,1e-06,298322
667,298367,-4.61752635170927,nan,31906.92578125,1e-06,298367
668,298449,0.5266837542999241,nan,12226.5263671875,1e-06,298449
669,300049,376.1769464719717,nan,20546.0078125,1e-06,300049
670,300097,-1.385370775627587,nan,49625.5625,1e-06,300097
671,300259,-2.5652904687876097,nan,45795.7109375,1e-06,300259
672,301859,338.5216136597323,nan,11836.619140625,1e-06,301859
673,303459,380.0515343872332,nan,20061.32421875,1e-06,303459
674,303566,3.497231082988426,nan,19167.38671875,1e-06,303566
675,303661,3.5096315238164895,nan,32911.34765625,1e-06,303661
676,303767,0.12079292261456942,nan,66748.53125,1e-06,303767
677,305367,368.0992484780209,nan,32260.22265625,1e-06,305367
678,306967,368.4449846025184,nan,31801.4921875,1e-06,306967
679,308567,364.72062941091,nan,4994.52783203125,1e-06,308567
680,310167,368.35339448486394,nan,9912.734375,1e-06,310167
681,310241,-5.295031595225427,nan,16015.837890625,1e-06,310241
682,311841,366.33261479810113,nan,14558.3037109375,1e-06,311841
683,313441,367.24728562826647,nan,25059.3359375,1e-06,313441
684,313548,-1.8813552655550136,nan,16303.98046875,1e-06,313548
685,313605,-4.666243904190674,nan,16099.9599609375,1e-06,313605
686,313701,-4.957177419430351,nan,16149.435546875,1e-06,313701
687,313845,-5.68305887609651,nan,14664.19921875,1e-06,313845
688,313910,-6.169731802006976,nan,11643.30859375,1e-06,313910
689,315510,366.55831084869044,nan,11712.6669921875,1e-06,315510
690,317110,353.1506500527391,nan,13486.54296875,1e-06,317110
691,317166,-5.266644447556994,nan,7945.0087890625,1e-06,317166
692,318766,361.43389700664767,nan,9532.337890625,1e-06,318766
693,320366,375.3404817069172,nan,8051.85009765625,1e-06,320366
694,321966,374.65940630525296,nan,18880.52734375,1e-06,321966
695,322005,-6.401827680287304,nan,9690.2568359375,1e-06,322005
696,323605,369.5743014004392,nan,12208.55078125,1e-06,323605
697,323670,-1.1089985232349502,nan,9330.0546875,1e-06,323670
698,323752,6.312661335390139,nan,10782.6435546875,1e-06,323752
699,323809,0.3615988758062425,nan,7932.7841796875,1e-06,323809
700,323862,-1.1560542550857758,nan,10112.6005859375,1e-06,323862
701,323940,-1.861288330923804,nan,17697.814453125,1e-06,323940
702,324068,14.10122485859303,nan,15226.4921875,1e-06,324068
703,325668,375.05278424957714,nan,8040.818359375,1e-06,325668
704,327268,353.89013404031954,nan,6845.2841796875,1e-06,327268
705,327347,0.4141138532554116,nan,14902.2158203125,1e-06,327347
706,328947,370.36966657273484,nan,8324.728515625,1e-06,328947
707,330547,374.1560063524414,nan,12998.9287109375,1e-06,330547
708,330616,-0.07374944717835241,nan,10651.091796875,1e-06,330616
709,332216,374.0797157021799,nan,12481.662109375,1e-06,332216
710,333816,368.6972302650781,nan,11112.6240234375,1e-06,333816
711,333871,-2.656308359748831,nan,18585.05859375,1e-06,333871
712,333931,-5.6017619929711735,nan,13089.830078125,1e-06,333931
713,333987,-0.44006700847811153,nan,17676.240234375,1e-06,333987
714,335587,372.10949479781755,nan,11835.6796875,1e-06,335587
715,337187,370.93851831324366,nan,19337.384765625,1e-06,337187
716,338787,374.670858012371,nan,11517.052734375,1e-06,338787
717,340387,368.6183729988853,nan,10034.48828125,1e-06,340387
718,340438,-2.8591299477217547,nan,9857.40625,1e-06,340438
719,342038,372.65851215981826,nan,7414.12841796875,1e-06,342038
720,343638,369.0141622049853,nan,30671.15234375,1e-06,343638
721,343719,-3.24264471001118,nan,24193.248046875,1e-06,343719
722,343813,-5.964217712581861,nan,15098.599609375,1e-06,343813
723,343868,-3.4668872791262864,nan,11764.4306640625,1e-06,343868
724,345468,355.7227547459808,nan,9835.9267578125,1e-06,345468
725,347068,375.2564624960554,nan,14876.677734375,1e-06,347068
726,347108,-5.660152736066541,nan,29741.33203125,1e-06,347108
727,347168,-5.868556261953977,nan,19522.5078125,1e-06,347168
728,348768,366.4205662184922,nan,16993.70703125,1e-06,348768
729,348816,-3.5679712270262343,nan,35035.9140625,1e-06,348816
730,348907,-7.423029926984276,nan,9098.6396484375,1e-06,348907
731,348954,-6.612986648161774,nan,21444.49609375,1e-06,348954
732,350554,365.72636602542184,nan,14894.697265625,1e-06,350554
733,352154,369.39526094663637,nan,35544.890625,1e-06,352154
734,353754,368.2576502696759,nan,43837.359375,1e-06,353754
735,355354,365.77424368115607,nan,43462.40625,1e-06,355354
736,356954,376.04514049576807,nan,42245.453125,1e-06,356954
737,357124,1.4350616674715475,nan,35409.6015625,1e-06,357124
738,357212,-7.642343861680246,nan,29627.7734375,1e-06,357212
739,357261,-7.233488272172583,nan,45525.84765625,1e-06,357261
740,357309,-8.252010432366456,nan,25681.1953125,1e-06,357309
741,357408,-6.6753931518659755,nan,17819.71484375,1e-06,357408
742,357613,0.843924965963879,nan,27010.65625,1e-06,357613
743,357677,-7.499314613176455,nan,22188.37890625,1e-06,357677
744,357756,-2.5026414808142965,nan,72543.3125,1e-06,357756
745,357860,0.8590700742032524,nan,22676.689453125,1e-06,357860
746,357914,-1.3640206587746277,nan,23750.02734375,1e-06,357914
747,359514,374.4872335342422,nan,29936.546875,1e-06,359514
748,361114,371.2774936984827,nan,66237.6484375,1e-06,361114
749,361170,-4.572176524006397,nan,23063.634765625,1e-06,361170
750,361282,-6.932186206901475,nan,65629.8515625,1e-06,361282
751,361378,-5.226315668121431,nan,45988.11328125,1e-06,361378
752,362978,376.0872961814733,nan,16653.552734375,1e-06,362978
753,364578,376.20012665439566,nan,34454.4921875,1e-06,364578
754,366178,373.0480373619187,nan,38992.484375,1e-06,366178
755,366223,-3.02294008299433,nan,22203.73828125,1e-06,366223
756,367823,366.54989726898333,nan,41552.703125,1e-06,367823
757,367865,-5.577686618000595,nan,47373.9765625,1e-06,367865
758,369465,378.4640080873004,nan,18885.345703125,1e-06,369465
759,369522,-3.293204369510369,nan,32097.1015625,1e-06,369522
760,371122,370.5089465972921,nan,54691.48046875,1e-06,371122
761,371230,-2.5960776273226083,nan,45585.125,1e-06,371230
762,371300,-0.9705732117871424,nan,25791.8125,1e-06,371300
763,372900,365.0458620783865,nan,36184.3828125,1e-06,372900
764,372946,-3.11502883326361,nan,22960.9765625,1e-06,372946
765,374546,380.4794745747013,nan,46855.75,1e-06,374546
766,376146,378.22142792817266,nan,26988.833984375,1e-06,376146
767,376188,-3.2440965614481616,nan,54803.03125,1e-06,376188
768,376362,-6.040299686914953,nan,75285.6171875,1e-06,376362
769,376419,-8.091559735317132,nan,85868.1875,1e-06,376419
770,376468,-8.542055722238,nan,45143.8046875,1e-06,376468
771,378068,354.8316398053339,nan,27266.234375,1e-06,378068
772,378119,0.04438792679844639,nan,43789.4375,1e-06,378119
773,378189,-7.165021471715493,nan,45050.359375,1e-06,378189
774,379789,369.3938174824187,nan,57122.78125,1e-06,379789
775,381389,361.7377245294817,nan,70155.8125,1e-06,381389
776,381432,-3.876436709296317,nan,81317.90625,1e-06,381432
777,381547,-6.609930248480177,nan,40766.484375,1e-06,381547
778,381616,-4.1599744047903755,nan,71607.8671875,1e-06,381616
779,381669,-8.456946833907068,nan,69020.546875,1e-06,381669
780,381763,-0.624403318577464,nan,60032.62890625,1e-06,381763
781,381813,-7.574940410044893,nan,112791.140625,1e-06,381813
782,381850,-8.40552306714418,nan,80222.796875,1e-06,381850
783,381891,-7.939838843115531,nan,69660.5625,1e-06,381891
784,382030,2.3704879951109668,nan,119078.53125,1e-06,382030
785,382074,-6.23311890275271,nan,85027.375,1e-06,382074
786,383674,373.2206378454276,nan,51933.1484375,1e-06,383674
787,383738,0.9069038596533723,nan,50944.1796875,1e-06,383738
788,385338,386.7308403354001,nan,52005.50390625,1e-06,385338
789,386938,388.26194858553635,nan,60888.16015625,1e-06,386938
790,388538,376.25957649713104,nan,121260.1953125,1e-06,388538
791,388580,-2.66959935565382,nan,73106.2109375,1e-06,388580
792,390180,383.6680252763412,nan,40270.703125,1e-06,390180
793,390224,-2.311579021085085,nan,84131.984375,1e-06,390224
794,390417,16.2144673317192,nan,117899.9296875,1e-06,390417
795,392017,380.2641944381432,nan,84688.84375,1e-06,392017
796,392072,0.35298339813600066,nan,67271.78125,1e-06,392072
797,393672,361.72943545231504,nan,86280.125,1e-06,393672
798,393721,-4.461566867084442,nan,54521.9296875,1e-06,393721
799,393840,4.030406933126136,nan,87039.6796875,1e-06,393840
800,393925,2.3868636159757397,nan,68055.8125,1e-06,393925
801,393984,-4.915755637094223,nan,86645.2265625,1e-06,393984
802,394069,-2.7141268536688408,nan,76414.0,1e-06,394069
803,395669,378.93220130501805,nan,75349.1171875,1e-06,395669
804,395705,-6.125666203103447,nan,106275.90625,1e-06,395705
805,395821,0.8816846438529566,nan,35766.0625,1e-06,395821
806,397421,372.62672792808434,nan,40612.84375,1e-06,397421
807,397467,-1.2045851208286145,nan,55844.19140625,1e-06,397467
808,399067,373.5202899626826,nan,61764.3203125,1e-06,399067
809,399107,-3.054196802514401,nan,63361.75390625,1e-06,399107
810,400707,374.2804557952324,nan,59195.51953125,1e-06,400707
811,400748,-2.701808922309919,nan,89845.828125,1e-06,400748
812,402348,381.051743409118,nan,61363.7578125,1e-06,402348
813,402398,-1.4255917230453026,nan,68095.546875,1e-06,402398
814,403998,385.3939527271113,nan,32019.8359375,1e-06,403998
815,404043,-2.0510803252372325,nan,30293.2890625,1e-06,404043
816,405643,382.63103844084054,nan,38647.3359375,1e-06,405643
817,407243,382.3939419415346,nan,32191.91015625,1e-06,407243
818,407284,-4.525994465634436,nan,31939.21875,1e-06,407284
819,408884,382.66041003647615,nan,33848.19921875,1e-06,408884
820,408930,-1.7503368762293938,nan,35527.5546875,1e-06,408930
821,409092,-7.914163613857498,nan,40585.3359375,1e-06,409092
822,409233,-4.48735712458196,nan,38647.7421875,1e-06,409233
823,409317,-9.372911419117013,nan,35704.9765625,1e-06,409317
824,410917,372.68109662042247,nan,34207.0234375,1e-06,410917
825,410995,0.8503420674733064,nan,29795.146484375,1e-06,410995
826,411086,3.617582247279012,nan,18811.73046875,1e-06,411086
827,412686,387.0155958060827,nan,35613.359375,1e-06,412686
828,414286,380.1821235280228,nan,13231.458984375,1e-06,414286
829,415886,364.6244910024746,nan,16284.9091796875,1e-06,415886
830,417486,382.6272551221342,nan,13571.5419921875,1e-06,417486
831,417548,0.44125985715559324,nan,22199.248046875,1e-06,417548
832,417716,13.721176913991643,nan,21171.19921875,1e-06,417716
833,417801,0.5490339561981337,nan,17604.25390625,1e-06,417801
834,418042,15.975829110423973,nan,85763.8515625,1e-06,418042
835,418093,-0.4694597996010472,nan,22061.6640625,1e-06,418093
836,418365,32.81202662966122,nan,30407.98046875,1e-06,418365
837,419965,353.40502388034616,nan,24078.5078125,1e-06,419965
838,420013,-2.5073816191000535,nan,21043.0390625,1e-06,420013
839,420098,1.6665754301726174,nan,13840.421875,1e-06,420098
840,421698,376.9171474385399,nan,6628.607421875,1e-06,421698
841,423298,377.75320744140856,nan,21747.70703125,1e-06,423298
842,423389,4.064701059837889,nan,23114.763671875,1e-06,423389
843,423456,-0.14830655329744147,nan,20662.892578125,1e-06,423456
844,423531,-7.25996122308919,nan,36771.61328125,1e-06,423531
845,423589,-0.00869884282431066,nan,38117.4296875,1e-06,423589
846,423668,-0.3985633167936218,nan,22572.970703125,1e-06,423668
847,425268,338.25224257584506,nan,23195.298828125,1e-06,425268
848,426868,371.922684154998,nan,21911.89453125,1e-06,426868
849,428468,374.78686047632874,nan,13213.5390625,1e-06,428468
850,428530,2.0294228008285025,nan,10904.837890625,1e-06,428530
851,430130,371.39118945066076,nan,13547.8291015625,1e-06,430130
852,431730,368.60949513659756,nan,10312.681640625,1e-06,431730
853,433330,370.1208777004928,nan,17529.671875,1e-06,433330
854,433373,-2.9236145081766107,nan,16716.91796875,1e-06,433373
855,434973,364.9755914157238,nan,13353.1015625,1e-06,434973
856,435023,-0.920428233929659,nan,10884.2412109375,1e-06,435023
857,436623,358.4632536154717,nan,7831.3466796875,1e-06,436623
858,436665,-2.466520226386005,nan,26695.2734375,1e-06,436665
859,438265,369.1901903286529,nan,29556.51171875,1e-06,438265
860,438315,-4.287540126554841,nan,8479.6396484375,1e-06,438315
861,439915,363.2928293268902,nan,9596.146484375,1e-06,439915
862,439953,-4.267127391396454,nan,13672.5712890625,1e-06,439953
863,441553,361.0764960734694,nan,8788.923828125,1e-06,441553
864,441595,-3.4470975528368992,nan,14236.830078125,1e-06,441595
865,443195,371.4427510055059,nan,14996.712890625,1e-06,443195
866,443249,-1.307798863874913,nan,12854.44140625,1e-06,443249
867,444849,367.38137974360785,nan,10510.623046875,1e-06,444849
868,446449,359.81199253291953,nan,33516.04296875,1e-06,446449
869,448049,372.45367740599056,nan,9577.0498046875,1e-06,448049
870,448094,-4.436355379332138,nan,10253.98046875,1e-06,448094
871,449694,358.6619255218868,nan,10995.533203125,1e-06,449694
872,449735,-6.339144735854887,nan,18539.396484375,1e-06,449735
873,449889,-8.001469687851438,nan,12824.6884765625,1e-06,449889
874,450019,-1.5284222953804925,nan,15358.240234375,1e-06,450019
875,450075,-6.177517582617774,nan,12221.6826171875,1e-06,450075
876,451675,356.3991310416188,nan,12467.072265625,1e-06,451675
877,453275,377.72109081663865,nan,17724.435546875,1e-06,453275
878,453381,3.639340785950303,nan,11205.2783203125,1e-06,453381
879,453481,5.720060709395691,nan,21089.205078125,1e-06,453481
880,453623,7.314101716931617,nan,21881.484375,1e-06,453623
881,455223,346.1044453312297,nan,13092.748046875,1e-06,455223
882,456823,341.4094556055592,nan,11386.486328125,1e-06,456823
883,456900,2.1331693657430932,nan,14004.1982421875,1e-06,456900
884,458500,371.49141338612793,nan,9422.388671875,1e-06,458500
885,458552,-0.8668397515468076,nan,14568.22265625,1e-06,458552
886,458600,-4.486214638652774,nan,11187.849609375,1e-06,458600
887,460200,379.73561187647493,nan,11433.72265625,1e-06,460200
888,461800,368.9542236740886,nan,9462.244140625,1e-06,461800
889,463400,387.56227598816326,nan,9247.02734375,1e-06,463400
890,463455,0.5935202466181373,nan,7065.68115234375,1e-06,463455
891,465055,385.42855466331224,nan,12670.666015625,1e-06,465055
892,466655,382.08108605379067,nan,15454.048828125,1e-06,466655
893,468255,391.55715041243127,nan,13175.255859375,1e-06,468255
894,469855,388.63947665780375,nan,6221.119140625,1e-06,469855
895,469902,-2.944875400967671,nan,6573.2041015625,1e-06,469902
896,471502,383.4915838005268,nan,7245.251953125,1e-06,471502
897,473102,388.9012149764262,nan,10793.7392578125,1e-06,473102
898,474702,382.3854028696307,nan,8945.681640625,1e-06,474702
899,474743,-4.952611911526171,nan,5616.42138671875,1e-06,474743
900,474795,-4.746534475356979,nan,4620.333984375,1e-06,474795
901,476395,362.79444053235824,nan,9639.73046875,1e-06,476395
902,476459,0.6873891921320361,nan,5800.03076171875,1e-06,476459
903,476538,1.8427831477366663,nan,4711.52587890625,1e-06,476538
904,476670,-6.357987024570209,nan,9645.896484375,1e-06,476670
905,476747,-5.1100408954150165,nan,5645.873046875,1e-06,476747
906,476788,-5.734443688722332,nan,5878.29541015625,1e-06,476788
907,476919,3.3866509400724656,nan,7546.63134765625,1e-06,476919
908,476996,-1.1313389630283126,nan,11508.962890625,1e-06,476996
909,477241,21.470203147793367,nan,6187.91064453125,1e-06,477241
910,478841,359.7100901505299,nan,10889.51171875,1e-06,478841
911,480441,372.51664696144724,nan,8248.6630859375,1e-06,480441
912,480486,-5.1742958336665374,nan,6844.87939453125,1e-06,480486
913,482086,363.75409386413196,nan,12481.21484375,1e-06,482086
914,483686,368.7007476328843,nan,5647.546875,1e-06,483686
915,485286,372.9820538126517,nan,4411.2392578125,1e-06,485286
916,486886,367.70436413666977,nan,5783.603515625,1e-06,486886
917,488486,368.78966948641676,nan,8517.232421875,1e-06,488486
918,490086,370.78998650001864,nan,8752.0439453125,1e-06,490086
919,490132,-1.382514075760346,nan,6659.71484375,1e-06,490132
920,490183,-0.7181360468938109,nan,6523.0654296875,1e-06,490183
921,491783,361.8475912936103,nan,11216.8251953125,1e-06,491783
922,493383,371.95361273022144,nan,9747.94921875,1e-06,493383
923,493440,-1.9670888613090014,nan,7754.587890625,1e-06,493440
924,493549,-0.34052573684186704,nan,12049.224609375,1e-06,493549
925,493637,-6.632451212809748,nan,15932.6103515625,1e-06,493637
926,493838,-0.6892578703667454,nan,7602.1298828125,1e-06,493838
927,493895,-9.276229274041091,nan,7395.9248046875,1e-06,493895
928,494010,-8.359089371190692,nan,6361.5322265625,1e-06,494010
929,494093,-9.045775627110304,nan,3704.3740234375,1e-06,494093
930,494172,-8.184513224119542,nan,9035.4326171875,1e-06,494172
931,494310,-4.71760852811326,nan,5671.923828125,1e-06,494310
932,494451,-0.39415146192389194,nan,7319.97705078125,1e-06,494451
933,494614,2.1099099532803507,nan,7915.0947265625,1e-06,494614
934,494670,-3.0918304709661557,nan,5017.5576171875,1e-06,494670
935,494728,-4.684029283829971,nan,15366.2919921875,1e-06,494728
936,496328,372.57880082192946,nan,10426.49609375,1e-06,496328
937,496371,-5.924290035534919,nan,8966.18359375,1e-06,496371
938,497971,369.984610409341,nan,5942.296875,1e-06,497971
939,498013,-6.659979441526469,nan,20259.38671875,1e-06,498013
940,499613,370.63422031475926,nan,14628.5625,1e-06,499613
941,499659,-2.8338390365570856,nan,5880.60400390625,1e-06,499659
942,499717,-5.0969524761679,nan,10314.767578125,1e-06,499717
943,499777,-3.4987660350140484,nan,14834.0234375,1e-06,499777
944,499828,-3.6031742147404353,nan,10079.943359375,1e-06,499828
945,499919,3.445625867799361,nan,9748.6953125,1e-06,499919
946,500006,-4.4954587562630195,nan,15367.6708984375,1e-06,500006
947,500296,-0.5181110583692234,nan,4580.4423828125,1e-06,500296
948,500368,-10.967291547062105,nan,7030.08642578125,1e-06,500368
949,501968,345.25649873104027,nan,12166.8125,1e-06,501968
950,503568,370.5120134123641,nan,14624.556640625,1e-06,503568
951,505168,364.475215754082,nan,35046.1796875,1e-06,505168
952,506768,370.5608558191272,nan,13729.998046875,1e-06,506768
953,508368,365.2816441268824,nan,36081.29296875,1e-06,508368
954,509968,366.3178779901687,nan,42110.05859375,1e-06,509968
955,510082,9.661012184043985,nan,28280.814453125,1e-06,510082
956,510136,-2.790997782675926,nan,40940.7578125,1e-06,510136
957,510202,-1.1494542738690328,nan,48887.1796875,1e-06,510202
958,510268,-2.0908378424137135,nan,54963.3515625,1e-06,510268
959,510373,1.471126148002769,nan,9104.46484375,1e-06,510373
960,511973,374.715702998335,nan,69003.140625,1e-06,511973
961,512988,176.78163558277595,nan,56845.5859375,1e-06,512988
962,514588,750.1234692491414,nan,51140.3046875,1e-06,514588
963,514664,18.523879817886215,nan,32291.80078125,1e-06,514664
964,516264,354.47166260980066,nan,20370.123046875,1e-06,516264
965,516302,-5.087466234465882,nan,24617.404296875,1e-06,516302
966,516458,-2.667531234309961,nan,17478.89453125,1e-06,516458
967,516596,6.472111746062048,nan,42026.140625,1e-06,516596
968,516739,-3.9303187223375025,nan,29717.2421875,1e-06,516739
969,516819,-1.7717154157225554,nan,45454.65625,1e-06,516819
970,516912,-2.0219988781572216,nan,46677.203125,1e-06,516912
971,517094,-5.462125118073554,nan,44666.375,1e-06,517094
972,518694,369.20137358544525,nan,25585.328125,1e-06,518694
973,518738,-4.971934673184005,nan,14258.6142578125,1e-06,518738
974,520338,353.8840389266871,nan,36168.01953125,1e-06,520338
975,520390,-2.470944765357876,nan,34094.109375,1e-06,520390
976,520434,-3.6624973886827865,nan,32484.3203125,1e-06,520434
977,522034,369.4961595393834,nan,15739.529296875,1e-06,522034
978,523634,366.50945900256335,nan,29060.0234375,1e-06,523634
979,523698,-2.722038611530042,nan,43568.078125,1e-06,523698
980,525298,370.23330687049804,nan,18590.4921875,1e-06,525298
981,525336,-4.7727927113182975,nan,31234.0078125,1e-06,525336
982,526936,373.4142879410984,nan,23743.3203125,1e-06,526936
983,526987,-3.929805635681019,nan,15454.181640625,1e-06,526987
984,528587,368.16698676718283,nan,11916.89453125,1e-06,528587
985,528651,1.6163324821075804,nan,22590.46484375,1e-06,528651
986,528777,-8.163606295071533,nan,33506.4375,1e-06,528777
987,530377,351.19254886369447,nan,20912.671875,1e-06,530377
988,530537,-4.503580859924841,nan,24821.96484375,1e-06,530537
989,532137,363.9713481901076,nan,17129.1796875,1e-06,532137
990,532178,-5.060452980242314,nan,11948.154296875,1e-06,532178
991,533778,364.5345751354083,nan,29076.09375,1e-06,533778
992,535378,371.7001323342599,nan,36749.15625,1e-06,535378
993,535421,-3.97486648681594,nan,26623.0859375,1e-06,535421
994,535470,-7.067032233786803,nan,7356.70849609375,1e-06,535470
995,535543,-6.378471037284006,nan,15399.025390625,1e-06,535543
996,537143,368.7207914488522,nan,15280.72265625,1e-06,537143
997,537196,-3.5799753176487332,nan,17579.912109375,1e-06,537196
998,538796,372.1303170701246,nan,15607.0732421875,1e-06,538796
999,540396,359.9927169528627,nan,23224.48046875,1e-06,540396
1000,541996,369.57573243448377,nan,40886.046875,1e-06,541996
1001,542056,-1.7300515201610818,nan,25039.509765625,1e-06,542056
1002,543656,370.1951497500717,nan,40721.8984375,1e-06,543656
1003,543696,-6.485955510224612,nan,37053.34375,1e-06,543696
1004,545296,361.38802212684277,nan,81701.8125,1e-06,545296
1005,546896,337.29510396585437,nan,43902.296875,1e-06,546896
1006,546955,-1.7017736072944416,nan,82089.9921875,1e-06,546955
1007,548555,362.1901773084672,nan,96886.203125,1e-06,548555
1008,550155,363.4705179322966,nan,70621.984375,1e-06,550155
1009,551755,365.90519677705123,nan,106593.7578125,1e-06,551755
1010,551827,-1.7336757022413884,nan,118437.6171875,1e-06,551827
1011,551884,-7.1962739518081085,nan,97759.421875,1e-06,551884
1012,552014,-4.722839910320479,nan,57660.4296875,1e-06,552014
1013,552067,-2.03769008660381,nan,66606.625,1e-06,552067
1014,552163,-9.459754386262494,nan,92193.1875,1e-06,552163
1015,552283,-4.7984767477174675,nan,83022.65625,1e-06,552283
1016,552444,-7.687196906406551,nan,97363.3046875,1e-06,552444
1017,552515,-9.925753809799104,nan,64186.1328125,1e-06,552515
1018,552576,-8.812419702353898,nan,48947.515625,1e-06,552576
1019,552661,-13.23101445370549,nan,75814.546875,1e-06,552661
1020,552859,-4.0453639251715305,nan,73508.890625,1e-06,552859
1021,554459,366.3045756602031,nan,63706.28125,1e-06,554459
1022,554580,-4.347962131494377,nan,114668.625,1e-06,554580
1023,554686,-0.38950001868019335,nan,62635.25,1e-06,554686
1024,554774,-0.42428777993131916,nan,146083.9375,1e-06,554774
1025,554918,-3.959630157239242,nan,55814.609375,1e-06,554918
1026,554976,-8.045952686272702,nan,69092.46875,1e-06,554976
1027,555050,-9.767746982517423,nan,104318.703125,1e-06,555050
1028,555111,-12.622388990348625,nan,58876.56640625,1e-06,555111
1029,555305,7.445933865611199,nan,74750.03125,1e-06,555305
1030,556905,693.9473795191822,nan,62307.81640625,1e-06,556905
1031,556956,1.160498466504503,nan,78405.046875,1e-06,556956
1032,558556,367.6584192585074,nan,72743.453125,1e-06,558556
1033,558604,-3.5335111135882054,nan,106163.5625,1e-06,558604
1034,558683,-7.802589628186334,nan,64691.578125,1e-06,558683
1035,558851,-0.22295205843904142,nan,66236.796875,1e-06,558851
1036,559073,14.875637995967537,nan,111312.625,1e-06,559073
1037,559264,-0.08079366547836742,nan,81627.984375,1e-06,559264
1038,559368,-2.9159563748450905,nan,65059.71875,1e-06,559368
1039,559438,-2.731328274877143,nan,121900.015625,1e-06,559438
1040,559576,-1.017445796865596,nan,145492.015625,1e-06,559576
1041,559684,1.1707923464525436,nan,125689.3203125,1e-06,559684
1042,561284,368.7916133211929,nan,83027.7578125,1e-06,561284
1043,562884,365.8982716057433,nan,161044.890625,1e-06,562884
1044,564484,341.7237673587036,nan,43012.7578125,1e-06,564484
1045,564656,-5.148873648823937,nan,167637.515625,1e-06,564656
1046,566256,369.00180311647773,nan,52293.1875,1e-06,566256
1047,567856,361.3586702345015,nan,98796.328125,1e-06,567856
1048,567896,-4.731006953540872,nan,174360.375,1e-06,567896
1049,569496,380.8093197867228,nan,74544.328125,1e-06,569496
1050,569544,-0.7208065242224144,nan,210660.65625,1e-06,569544
1051,569612,-1.0159320265520222,nan,181650.375,1e-06,569612
1052,569651,-5.763087324543681,nan,164381.3125,1e-06,569651
1053,569761,-7.991276452843996,nan,135552.875,1e-06,569761
1054,569824,-0.8891076698338374,nan,91810.671875,1e-06,569824
1055,571424,368.61961119563694,nan,150375.5625,1e-06,571424
1056,571472,-1.7649727915799414,nan,114247.3828125,1e-06,571472
1057,571626,-7.215270739626384,nan,114140.6953125,1e-06,571626
1058,571748,-8.359024459665742,nan,47874.7734375,1e-06,571748
1059,571795,-5.545551906836713,nan,135640.90625,1e-06,571795
1060,571915,-5.294435819329671,nan,121283.984375,1e-06,571915
1061,571947,-8.059214726440658,nan,92778.40625,1e-06,571947
1062,571986,-6.481246742932083,nan,111454.15625,1e-06,571986
1063,572093,-8.426569628947497,nan,107907.453125,1e-06,572093
1064,572256,-6.8280616849683105,nan,70302.9765625,1e-06,572256
1065,572404,-7.379586767591636,nan,115456.3125,1e-06,572404
1066,572482,-8.914437914492648,nan,106609.78125,1e-06,572482
1067,572870,-3.82133350082504,nan,158441.84375,1e-06,572870
1068,574470,360.7268089204392,nan,140996.65625,1e-06,574470
1069,576070,388.64934000265873,nan,149926.21875,1e-06,576070
1070,577670,377.7172433571623,nan,159099.15625,1e-06,577670
1071,577715,-4.456525816837064,nan,294935.6875,1e-06,577715
1072,579315,185.04577640679074,nan,348953.34375,1e-06,579315
1073,580915,393.99445417030324,nan,294857.9375,1e-06,580915
1074,582515,388.28316797581834,nan,224318.34375,1e-06,582515
1075,584115,385.95584009367377,nan,306972.21875,1e-06,584115
1076,585715,391.53247126030715,nan,601860.9375,1e-06,585715
1077,587315,393.851853048908,nan,1035375.4375,1e-06,587315
1078,588915,384.48760277948196,nan,1534002.75,1e-06,588915
1079,590515,379.6977223104534,nan,1192241.0,1e-06,590515
1080,592115,168.83669546399963,nan,1234257.25,1e-06,592115
1081,593715,379.5407894261018,nan,1964263.5,1e-06,593715
1082,595315,168.78034727224315,nan,2379784.5,1e-06,595315
1083,595423,-1.0759174319914901,nan,640624.0,1e-06,595423
1084,597023,170.07817812916255,nan,1373611.25,1e-06,597023
1085,597300,1.4448852504301346,nan,1479411.75,1e-06,597300
1086,597372,-6.911702270226398,nan,1160277.0,1e-06,597372
1087,597522,14.282307845269838,nan,2957157.5,1e-06,597522
1088,597567,-2.7719388448263604,nan,3169877.0,1e-06,597567
1089,597637,0.9484403598729862,nan,1393150.0,1e-06,597637
1090,597700,-0.5167170899530369,nan,4299976.0,1e-06,597700
1091,597995,-0.15267848758776026,nan,2435932.25,1e-06,597995
1092,598034,-11.541511616892137,nan,3714268.0,1e-06,598034
1093,598095,-9.80370706413988,nan,1344093.5,1e-06,598095
1094,598290,9.648489543251415,nan,2702099.75,1e-06,598290
1095,598405,3.6246712590324783,nan,1466163.25,1e-06,598405
1096,598453,-2.902447169054665,nan,1992676.5,1e-06,598453
1097,598544,3.2574735946564743,nan,3295582.0,1e-06,598544
1098,600144,390.7871816993533,nan,5059096.0,1e-06,600144
1099,600232,-10.873105563902271,nan,2634496.5,1e-06,600232
1100,601521,297.5527687052217,nan,7512714.0,1e-06,601521
1101,601569,-9.076055234795106,nan,7886480.0,1e-06,601569
1102,601614,-1.8949103463454513,nan,4647348.5,1e-06,601614
1103,602477,187.6456350347552,nan,5738753.5,1e-06,602477
1104,602518,-10.603237301386182,nan,9069172.0,1e-06,602518
1105,602615,10.193861722811295,nan,1748013.0,1e-06,602615
1106,602672,0.4018894353726985,nan,4719642.0,1e-06,602672
1107,602714,-2.379624417906606,nan,6620760.0,1e-06,602714
1108,602755,-3.5274143383499865,nan,4874486.5,1e-06,602755
1109,602803,-1.498675354060822,nan,2683110.0,1e-06,602803
1110,602845,-2.411290310983585,nan,7403716.0,1e-06,602845
1111,603006,4.576022069286749,nan,1436338.875,1e-06,603006
1112,603171,-5.67087041354754,nan,7675031.0,1e-06,603171
1113,603382,7.667769481000892,nan,5297231.5,1e-06,603382
1114,603479,1.9629964097878094,nan,3973618.75,1e-06,603479
1115,603586,-9.456724943986291,nan,4168855.0,1e-06,603586
1116,603710,-11.109844627026193,nan,8007669.0,1e-06,603710
1117,603843,-10.07857403902055,nan,4814072.0,1e-06,603843
1118,604083,-4.065943235894357,nan,4463396.5,1e-06,604083
1119,604168,0.5708768722829944,nan,2788106.5,1e-06,604168
1120,604314,-6.876822781997854,nan,5636898.0,1e-06,604314
1121,604400,-12.485700399805246,nan,5744933.0,1e-06,604400
1122,604516,-11.414177813168802,nan,7198126.0,1e-06,604516
1123,604556,-4.921832214601897,nan,5766252.5,1e-06,604556
1124,604603,-2.116260193564469,nan,4587399.0,1e-06,604603
1125,604654,-2.774947700553655,nan,4754214.0,1e-06,604654
1126,604698,-2.105172650952934,nan,6407210.0,1e-06,604698
1127,604757,0.023121534443617975,nan,1997764.125,1e-06,604757
1128,604799,-2.604265447266676,nan,5679785.0,1e-06,604799
1129,604842,-2.1581959008571934,nan,1639307.125,1e-06,604842
1130,604883,-3.064978749497371,nan,3871648.75,1e-06,604883
1131,604932,-1.6792991974786524,nan,2873409.0,1e-06,604932
1132,604974,-3.13395445301456,nan,2269320.25,1e-06,604974
1133,605015,-3.2919086059356166,nan,5919670.0,1e-06,605015
1134,605059,-2.2606914233586357,nan,5139462.0,1e-06,605059
1135,605099,-2.9168618983128436,nan,6666877.5,1e-06,605099
1136,605148,-1.6591876074985716,nan,1897611.125,1e-06,605148
1137,605200,-0.8969708287846601,nan,3066442.0,1e-06,605200
1138,605242,-2.4129121297473413,nan,6887126.5,1e-06,605242
1139,605285,-2.202026709021337,nan,5674917.0,1e-06,605285
1140,605328,-2.2698567017623086,nan,5883695.0,1e-06,605328
1141,605388,-0.08374569305323121,nan,3112005.0,1e-06,605388
1142,605503,12.428973042487042,nan,2260691.25,1e-06,605503
1143,605558,-9.17400219269409,nan,5516430.5,1e-06,605558
1144,605655,2.272784101224639,nan,4084247.5,1e-06,605655
1145,605764,6.725948361198931,nan,4000496.5,1e-06,605764
1146,605827,-7.380704393272466,nan,5106099.5,1e-06,605827
1147,606704,189.58801626361165,nan,2663147.0,1e-06,606704
1148,606861,-3.55171755558583,nan,1483411.75,1e-06,606861
1149,606918,-5.527255979285236,nan,6629665.0,1e-06,606918
1150,607035,-4.473453575785242,nan,6003769.5,1e-06,607035
1151,607087,-10.68514977212703,nan,6349741.0,1e-06,607087
1152,607666,115.93335156675785,nan,979098.375,1e-06,607666
1153,607773,-1.416987281962676,nan,1561736.5,1e-06,607773
1154,607826,-1.3481275380626698,nan,2486147.75,1e-06,607826
1155,607916,-3.699959443221358,nan,4768177.5,1e-06,607916
1156,608027,-4.215840103834384,nan,3732512.5,1e-06,608027
1157,608090,-5.743328469821784,nan,3039482.75,1e-06,608090
1158,608184,-4.349955441281436,nan,5231687.0,1e-06,608184
1159,608261,-5.5806436157183095,nan,2217411.5,1e-06,608261
1160,608332,-5.139857411073858,nan,2270403.0,1e-06,608332
1161,608416,-5.803611944347576,nan,3468493.0,1e-06,608416
1162,608495,-6.780713987994632,nan,4037979.0,1e-06,608495
1163,608573,-5.683612751188976,nan,3797614.0,1e-06,608573
1164,608638,-9.287439831913858,nan,3623153.5,1e-06,608638
1165,608703,-4.64384309226917,nan,805102.3125,1e-06,608703
1166,608781,-8.635704183508338,nan,3109563.0,1e-06,608781
1167,608850,-3.8183997161677423,nan,2468806.5,1e-06,608850
1168,608946,2.69235754326084,nan,3074561.5,1e-06,608946
1169,608993,-10.959054505543213,nan,4521417.5,1e-06,608993
1170,609047,-7.361381060462145,nan,5806785.0,1e-06,609047
1171,609093,-7.263666595744806,nan,2617838.5,1e-06,609093
1172,609192,-2.3981101477110958,nan,4271612.0,1e-06,609192
1173,609234,-10.588207139816044,nan,953685.5,1e-06,609234
1174,609305,-3.146555386349955,nan,3293935.5,1e-06,609305
1175,609367,-0.2764575043613764,nan,2146479.25,1e-06,609367
1176,609430,-3.237183820894355,nan,5383444.0,1e-06,609430
1177,609498,-2.6007491339253725,nan,1092204.375,1e-06,609498
1178,609556,-3.80412821947466,nan,4111272.5,1e-06,609556
1179,609627,-5.081669044360758,nan,2701472.0,1e-06,609627
1180,609755,-2.956553794513625,nan,4629857.0,1e-06,609755
1181,609872,5.345521880521485,nan,2223731.25,1e-06,609872
1182,609914,-12.800029235249914,nan,3454926.5,1e-06,609914
1183,609964,-10.521348227452913,nan,3466332.25,1e-06,609964
1184,610039,-1.806318969064014,nan,4129354.5,1e-06,610039
1185,610161,-0.21131386229287763,nan,3314854.5,1e-06,610161
1186,610242,-3.24304121006364,nan,1711855.125,1e-06,610242
1187,611842,365.3299189239852,nan,1152387.625,1e-06,611842
1188,611928,-1.338510549033936,nan,1869706.25,1e-06,611928
1189,612106,21.774377982211295,nan,1520558.75,1e-06,612106
1190,612204,-4.657810596354167,nan,890446.125,1e-06,612204
1191,612287,-7.662287469969616,nan,3158128.5,1e-06,612287
1192,613153,174.9596764019241,nan,3241124.75,1e-06,613153
1193,613372,-3.4677588772923187,nan,2984164.0,1e-06,613372
1194,613450,-9.07866655675228,nan,3113886.0,1e-06,613450
1195,615050,372.8988589624713,nan,2030080.875,1e-06,615050
1196,615102,-5.990258621906255,nan,1966106.5,1e-06,615102
1197,615187,-5.058184506562185,nan,2811260.0,1e-06,615187
1198,615241,-3.8324616892489054,nan,2417305.25,1e-06,615241
1199,615287,-5.914008127663197,nan,2143385.0,1e-06,615287
1200,616887,355.22325877393644,nan,1533114.375,1e-06,616887
1201,616945,-0.10590070382384376,nan,1657024.75,1e-06,616945
1202,618545,367.6489449865424,nan,2154499.0,1e-06,618545
1203,618604,-4.2187911348823,nan,1967697.25,1e-06,618604
1204,618650,-9.410123856247235,nan,1278486.125,1e-06,618650
1205,618789,-4.094073782970164,nan,2107574.5,1e-06,618789
1206,618879,3.66747069568496,nan,1708810.75,1e-06,618879
1207,620479,364.6114709031957,nan,1417269.75,1e-06,620479
1208,622079,380.0667963238764,nan,1127852.0,1e-06,622079
1209,623679,373.7141946130661,nan,1125021.75,1e-06,623679
1210,625279,380.80701684241046,nan,620052.875,1e-06,625279
1211,625464,-3.832785396794061,nan,865453.0,1e-06,625464
1212,627064,310.88467185556124,nan,971857.5,1e-06,627064
1213,628664,377.06459723010056,nan,840557.625,1e-06,628664
1214,630264,373.6614422084412,nan,299151.71875,1e-06,630264
1215,631864,376.984022780088,nan,672962.875,1e-06,631864
1216,633464,372.66154206306175,nan,286684.125,1e-06,633464
1217,633541,0.24165230143057137,nan,454271.125,1e-06,633541
1218,633629,-2.4475650599890137,nan,492106.1875,1e-06,633629
1219,633690,-5.049996077980851,nan,488790.6875,1e-06,633690
1220,635290,370.9128576184903,nan,394220.09375,1e-06,635290
1221,636890,374.32601878969683,nan,422700.3125,1e-06,636890
1222,638490,374.95179368835466,nan,357511.625,1e-06,638490
1223,640090,376.01344514989296,nan,269484.03125,1e-06,640090
1224,640133,-1.5815319817956013,nan,348474.375,1e-06,640133
1225,640379,19.42459310686983,nan,233606.15625,1e-06,640379
1226,641979,369.0876110345708,nan,226139.78125,1e-06,641979
1227,642073,8.333078197805088,nan,134788.234375,1e-06,642073
1228,642114,-3.0927148489666063,nan,166070.703125,1e-06,642114
1229,643714,377.86088125591186,nan,187889.34375,1e-06,643714
1230,643792,4.916858240100858,nan,128328.859375,1e-06,643792
1231,645392,364.08360286873193,nan,171877.328125,1e-06,645392
1232,646992,368.40099456966556,nan,116724.390625,1e-06,646992
1233,648592,372.34356662023646,nan,139924.125,1e-06,648592
1234,650192,370.7463944094039,nan,72805.75,1e-06,650192
1235,651792,370.315212172634,nan,136630.0,1e-06,651792
1236,653392,367.38440474833976,nan,89405.8671875,1e-06,653392
1237,654992,366.62017402577385,nan,78396.546875,1e-06,654992
1238,655063,4.1914872301827355,nan,101689.078125,1e-06,655063
1239,656663,371.2568018086792,nan,90659.296875,1e-06,656663
1240,656709,-2.387817412911435,nan,75469.75,1e-06,656709
1241,656760,-3.3830349876747814,nan,90949.0625,1e-06,656760
1242,656805,-2.393011938656982,nan,83313.578125,1e-06,656805
1243,658405,362.32016212679133,nan,76336.6171875,1e-06,658405
1244,658458,0.362092747071463,nan,51936.66796875,1e-06,658458
1245,660058,375.66977768913364,nan,68089.1015625,1e-06,660058
1246,660111,0.5719353576365549,nan,80303.953125,1e-06,660111
1247,661711,371.95127650158304,nan,52007.23046875,1e-06,661711
1248,663311,367.2918836571776,nan,53926.11328125,1e-06,663311
1249,664911,369.3800021475969,nan,59542.35546875,1e-06,664911
1250,666511,370.8200059145048,nan,58112.5546875,1e-06,666511
1251,668111,365.8520455796807,nan,36458.0078125,1e-06,668111
1252,669711,367.3518703687118,nan,38972.49609375,1e-06,669711
1253,669765,0.07565025852262508,nan,57508.9375,1e-06,669765
1254,671365,368.21687015432207,nan,41364.84375,1e-06,671365
1255,671440,5.512853822321109,nan,58365.81640625,1e-06,671440
1256,671572,-6.175637026093218,nan,52054.80859375,1e-06,671572
1257,673172,363.97488691491736,nan,59457.7265625,1e-06,673172
1258,674772,374.21383158440705,nan,34254.21875,1e-06,674772
1259,674832,2.583765591576217,nan,38760.0234375,1e-06,674832
1260,676432,373.2112292035075,nan,40720.0546875,1e-06,676432
1261,676476,-2.0467132631806226,nan,43905.078125,1e-06,676476
1262,678076,357.5577694429563,nan,31743.3984375,1e-06,678076
1263,678116,-2.7606497645646506,nan,23031.177734375,1e-06,678116
1264,678174,-4.045878619827431,nan,47282.6171875,1e-06,678174
1265,679774,342.5408239595193,nan,49348.78125,1e-06,679774
1266,679818,-1.6609844638356925,nan,30433.146484375,1e-06,679818
1267,679859,-4.386615839113763,nan,26842.03125,1e-06,679859
1268,681459,380.12977691160444,nan,39594.57421875,1e-06,681459
1269,681505,-1.1377909500245451,nan,30005.208984375,1e-06,681505
1270,681546,-3.5418312604879603,nan,32120.755859375,1e-06,681546
1271,683146,364.6356314381341,nan,36898.4296875,1e-06,683146
1272,683193,-1.291448909015653,nan,39818.91015625,1e-06,683193
1273,683333,-5.311068253354972,nan,37406.0234375,1e-06,683333
1274,683391,-3.686060996917509,nan,34513.33203125,1e-06,683391
1275,684991,380.3802918115023,nan,33191.78515625,1e-06,684991
1276,685039,-0.942621602320763,nan,38477.46875,1e-06,685039
1277,685104,-1.5382399889891651,nan,20157.796875,1e-06,685104
1278,686704,371.7529487238066,nan,27733.46875,1e-06,686704
1279,686745,-3.4202041449111427,nan,30248.58203125,1e-06,686745
1280,688345,366.8822553850997,nan,25085.52734375,1e-06,688345
1281,688391,-1.356063323811977,nan,35904.9296875,1e-06,688391
1282,689991,377.4277112133931,nan,27610.564453125,1e-06,689991
1283,690039,-1.1418926413984813,nan,41921.515625,1e-06,690039
1284,691639,377.6671432844217,nan,27342.80859375,1e-06,691639
1285,691686,-1.9194029058000925,nan,33627.7109375,1e-06,691686
1286,693286,369.0687559130155,nan,30723.03515625,1e-06,693286
1287,693326,-2.948384253444961,nan,25891.5,1e-06,693326
1288,694926,372.05498760392993,nan,33522.5234375,1e-06,694926
1289,694979,0.29449721007307517,nan,46184.6875,1e-06,694979
1290,695019,-4.946695328092615,nan,43016.8359375,1e-06,695019
1291,696619,367.0036293521537,nan,17826.66015625,1e-06,696619
1292,696668,-0.8799485297174456,nan,20462.43359375,1e-06,696668
1293,698268,389.06556589971643,nan,29159.240234375,1e-06,698268
1294,698319,-0.21591007574255983,nan,28333.703125,1e-06,698319
1295,698359,-4.933937563767621,nan,21849.53515625,1e-06,698359
1296,698414,-6.070541085110332,nan,14631.716796875,1e-06,698414
1297,700014,374.87771178551293,nan,35134.890625,1e-06,700014
1298,701614,393.01422033217347,nan,29580.4765625,1e-06,701614
1299,701661,-0.740368322421217,nan,28778.8984375,1e-06,701661
1300,701721,-2.197490312288279,nan,35191.1796875,1e-06,701721
1301,701801,-0.958235698892679,nan,28886.3125,1e-06,701801
1302,703401,379.02957440903174,nan,37425.9609375,1e-06,703401
1303,703450,-0.167690768008951,nan,34212.5078125,1e-06,703450
1304,705050,385.8933074739881,nan,27196.63671875,1e-06,705050
1305,705093,-2.365302813182434,nan,30756.08984375,1e-06,705093
1306,705132,-6.041440939576357,nan,29596.017578125,1e-06,705132
1307,706732,288.6702277838809,nan,20565.212890625,1e-06,706732
1308,708332,388.5373345848374,nan,19285.953125,1e-06,708332
1309,708370,-3.9600772241009636,nan,33667.2890625,1e-06,708370
1310,709970,382.7707892194053,nan,25540.72265625,1e-06,709970
1311,711570,382.97885711109336,nan,31893.7421875,1e-06,711570
1312,713170,378.9572496572903,nan,34980.5703125,1e-06,713170
1313,714770,390.00502718244405,nan,37036.42578125,1e-06,714770
1314,716370,390.51439684414294,nan,27291.099609375,1e-06,716370
1315,717970,395.7627523741622,nan,25817.0390625,1e-06,717970
1316,719570,393.5146546085731,nan,24919.69921875,1e-06,719570
1317,721170,389.69088509449057,nan,29077.4453125,1e-06,721170
1318,722770,386.9787699597665,nan,23946.662109375,1e-06,722770
1319,724370,378.4878185416129,nan,40920.40234375,1e-06,724370
1320,725970,384.42024405080804,nan,14756.697265625,1e-06,725970
1321,727570,388.7036140090584,nan,36068.7578125,1e-06,727570
1322,729170,378.8145377699399,nan,25504.2421875,1e-06,729170
1323,730770,385.46874724094505,nan,29286.640625,1e-06,730770
1324,732370,383.5315515590468,nan,28545.1484375,1e-06,732370
1325,733970,387.367278083106,nan,20171.25390625,1e-06,733970
1326,734028,-0.42819506344484815,nan,23972.56640625,1e-06,734028
1327,734092,2.39618563918045,nan,25395.263671875,1e-06,734092
1328,734240,10.703919451124486,nan,36269.859375,1e-06,734240
1329,734295,-1.8688596914208926,nan,16281.17578125,1e-06,734295
1330,734416,-2.924030618126121,nan,24559.447265625,1e-06,734416
1331,734485,-3.2958656341111876,nan,24007.8828125,1e-06,734485
1332,734616,-5.79785810763371,nan,26953.16015625,1e-06,734616
1333,734662,-7.820276205385174,nan,22524.67578125,1e-06,734662
1334,734842,0.9688592716032787,nan,26487.875,1e-06,734842
1335,734949,-6.080041817241451,nan,23950.80078125,1e-06,734949
1336,735059,-5.874333471673774,nan,35024.5234375,1e-06,735059
1337,736659,116.47099213360234,nan,20512.70703125,1e-06,736659
1338,738259,376.3200713863076,nan,22194.86328125,1e-06,738259
1339,738299,-4.637391271707777,nan,30379.091796875,1e-06,738299
1340,739899,397.1476468144792,nan,24897.58984375,1e-06,739899
1341,739940,-3.8266833077708764,nan,25012.55078125,1e-06,739940
1342,741540,394.01208937214,nan,35002.2421875,1e-06,741540
1343,743140,400.7421675376011,nan,28748.123046875,1e-06,743140
1344,743180,-3.077861430715914,nan,20894.388671875,1e-06,743180
1345,743246,3.028836387761608,nan,29773.193359375,1e-06,743246
1346,743311,1.223601322921965,nan,20050.404296875,1e-06,743311
1347,744911,358.929609185224,nan,20014.130859375,1e-06,744911
1348,746511,384.7392349166357,nan,24892.490234375,1e-06,746511
1349,746553,-3.291604137998603,nan,28306.2734375,1e-06,746553
1350,748153,403.2902559718277,nan,16071.646484375,1e-06,748153
1351,748192,-4.231637591738352,nan,34942.265625,1e-06,748192
1352,749792,391.96286874887596,nan,18825.22265625,1e-06,749792
1353,749831,-6.652901451844608,nan,27011.171875,1e-06,749831
1354,749869,-7.467548895952563,nan,20232.5,1e-06,749869
1355,749907,-7.572429670353084,nan,24166.6015625,1e-06,749907
1356,749949,-8.283017075658492,nan,26538.734375,1e-06,749949
1357,751549,386.9474148241174,nan,23097.625,1e-06,751549
1358,753149,388.89700258411733,nan,24328.51171875,1e-06,753149
1359,754749,387.1446807055201,nan,22319.951171875,1e-06,754749
1360,754792,-3.9041520882620766,nan,18888.302734375,1e-06,754792
1361,754835,-4.232048611164677,nan,23946.1875,1e-06,754835
1362,756435,378.2167364881853,nan,20566.04296875,1e-06,756435
1363,756473,-5.338690543584939,nan,18125.20703125,1e-06,756473
1364,758073,405.0674364486757,nan,24320.5390625,1e-06,758073
1365,758114,-2.813062729285793,nan,19668.845703125,1e-06,758114
1366,759714,383.07073330036667,nan,24501.150390625,1e-06,759714
1367,759817,10.309367044559462,nan,23775.796875,1e-06,759817
1368,761417,377.1501623282201,nan,17544.11328125,1e-06,761417
1369,763017,386.6974252611469,nan,29487.216796875,1e-06,763017
1370,764617,395.2534270578172,nan,25163.03125,1e-06,764617
1371,764665,-1.5935776179375196,nan,18645.0625,1e-06,764665
1372,766265,401.60324011978696,nan,24866.2734375,1e-06,766265
1373,766305,-3.558205073769243,nan,14660.755859375,1e-06,766305
1374,766346,-4.420620453816843,nan,23352.53515625,1e-06,766346
1375,767946,385.1068581095047,nan,25053.673828125,1e-06,767946
1376,767983,-6.511581135662334,nan,23908.833984375,1e-06,767983
1377,768021,-7.332422156025771,nan,21362.201171875,1e-06,768021
1378,768059,-7.637557654771438,nan,23877.01953125,1e-06,768059
1379,768101,-8.538753113539316,nan,22736.640625,1e-06,768101
1380,768143,-7.9082799042731775,nan,20251.30078125,1e-06,768143
1381,768184,-8.339193582039378,nan,14585.7099609375,1e-06,768184
1382,768225,-8.703954846778348,nan,22456.09765625,1e-06,768225
1383,768272,-8.886922296632948,nan,20743.01171875,1e-06,768272
1384,768309,-8.768062590925107,nan,22500.857421875,1e-06,768309
1385,768346,-8.381615722592464,nan,19934.37890625,1e-06,768346
1386,768489,-7.249210963237319,nan,23693.107421875,1e-06,768489
1387,769410,33.567828431986804,nan,14502.849609375,1e-06,769410
1388,769576,17.67044457669077,nan,29265.712890625,1e-06,769576
1389,771176,377.59864197026667,nan,22383.33203125,1e-06,771176
1390,772776,395.2480457370553,nan,26162.5859375,1e-06,772776
1391,772823,-1.5318825225490809,nan,23292.986328125,1e-06,772823
1392,774423,405.0793496077341,nan,21810.021484375,1e-06,774423
1393,774464,-4.420751405387718,nan,17818.55859375,1e-06,774464
1394,774504,-4.680098997657402,nan,26574.046875,1e-06,774504
1395,776104,366.345444827825,nan,30022.267578125,1e-06,776104
1396,776159,-0.015074061480971679,nan,20736.365234375,1e-06,776159
1397,777759,396.5198472274931,nan,22907.14453125,1e-06,777759
1398,779359,399.4653366368392,nan,18332.935546875,1e-06,779359
1399,780959,382.1658240869937,nan,16106.197265625,1e-06,780959
1400,782559,383.12563895441883,nan,18200.55859375,1e-06,782559
1401,782603,-2.2324824939827828,nan,18789.03515625,1e-06,782603
1402,784203,388.42990896742464,nan,16164.3271484375,1e-06,784203
1403,784243,-6.581493838280689,nan,30352.794921875,1e-06,784243
1404,784280,-6.972272230758788,nan,14821.4921875,1e-06,784280
1405,784318,-7.76787880008462,nan,24697.4140625,1e-06,784318
1406,784361,-9.449998951164396,nan,24138.59375,1e-06,784361
1407,784399,-9.145290124767037,nan,30144.9921875,1e-06,784399
1408,784437,-9.981023684676162,nan,24233.0703125,1e-06,784437
1409,784475,-9.959531074564113,nan,13232.267578125,1e-06,784475
1410,784599,-13.46800737416683,nan,22612.638671875,1e-06,784599
1411,786199,620.8205385706667,nan,20141.064453125,1e-06,786199
1412,786238,-1.4367222626542144,nan,22965.666015625,1e-06,786238
1413,787838,397.77647200053184,nan,15423.66015625,1e-06,787838
1414,789438,387.8172230246999,nan,14819.515625,1e-06,789438
1415,789479,-6.414589811308019,nan,29539.501953125,1e-06,789479
1416,789516,-7.1031548807754845,nan,22468.84765625,1e-06,789516
1417,789555,-8.338437974331248,nan,21061.6953125,1e-06,789555
1418,789599,-9.304509113693376,nan,15450.7275390625,1e-06,789599
1419,789643,-9.60991023993488,nan,21333.19140625,1e-06,789643
1420,789686,-8.949681353103905,nan,19365.6875,1e-06,789686
1421,789731,-9.322643984546852,nan,23932.330078125,1e-06,789731
1422,789857,-10.401344357921358,nan,15614.26953125,1e-06,789857
1423,789898,-9.452975052109192,nan,15818.462890625,1e-06,789898
1424,789938,-9.871520464432287,nan,18591.421875,1e-06,789938
1425,790014,-9.49083308508815,nan,19671.3203125,1e-06,790014
1426,790084,-8.776333002751818,nan,16723.61328125,1e-06,790084
1427,790261,6.441312073488493,nan,10278.4453125,1e-06,790261
1428,790298,-7.34629006222759,nan,20519.14453125,1e-06,790298
1429,790402,-6.333015208428573,nan,17198.25390625,1e-06,790402
1430,790664,-1.3151101079459782,nan,13658.33984375,1e-06,790664
1431,792264,360.08022278667625,nan,21173.19921875,1e-06,792264
1432,793864,401.9499698562611,nan,13275.623046875,1e-06,793864
1433,795464,388.1053177607914,nan,12473.01171875,1e-06,795464
1434,795505,-6.212835436103601,nan,18466.62890625,1e-06,795505
1435,797105,385.4555837271701,nan,10340.5341796875,1e-06,797105
1436,797148,-4.66143788846744,nan,15799.626953125,1e-06,797148
1437,798748,379.8066663024034,nan,21842.748046875,1e-06,798748
1438,798788,-3.3192792483133164,nan,15435.712890625,1e-06,798788
1439,800388,388.5736656136565,nan,17549.837890625,1e-06,800388
1440,801988,410.3029712069543,nan,18428.39453125,1e-06,801988
1441,802037,-1.4603373783068605,nan,11122.380859375,1e-06,802037
1442,803637,386.18152049000855,nan,15559.755859375,1e-06,803637
1443,805237,383.3639985450607,nan,16615.671875,1e-06,805237
1444,805277,-5.172777720588902,nan,18069.40234375,1e-06,805277
1445,805314,-7.207821725645875,nan,10954.8837890625,1e-06,805314
1446,805353,-6.74178839769621,nan,18984.69140625,1e-06,805353
1447,805618,-6.383849843658677,nan,6126.33544921875,1e-06,805618
1448,807218,347.3476440146305,nan,16837.587890625,1e-06,807218
1449,808818,379.33498653048827,nan,8760.259765625,1e-06,808818
1450,810418,383.1002071124263,nan,18322.439453125,1e-06,810418
1451,812018,391.04653293208054,nan,15503.513671875,1e-06,812018
1452,813618,410.06850429009603,nan,20030.216796875,1e-06,813618
1453,815218,403.36553422832253,nan,13876.5615234375,1e-06,815218
1454,815270,0.3256242953464952,nan,15688.2421875,1e-06,815270
1455,816870,391.64397140187543,nan,15778.45703125,1e-06,816870
1456,818470,385.0444730428083,nan,6226.7685546875,1e-06,818470
1457,818510,-4.982997905517772,nan,14426.3603515625,1e-06,818510
1458,818551,-6.389083547359936,nan,13446.1611328125,1e-06,818551
1459,818592,-6.623401972236022,nan,11422.4169921875,1e-06,818592
1460,818632,-6.952170851084728,nan,11009.30078125,1e-06,818632
1461,818674,-8.484545399466995,nan,13438.9296875,1e-06,818674
1462,818715,-9.035656470333368,nan,15101.021484375,1e-06,818715
1463,818755,-9.019890604752913,nan,8341.994140625,1e-06,818755
1464,818796,-8.204056911237686,nan,11496.078125,1e-06,818796
1465,818832,-9.000629174301011,nan,13141.3466796875,1e-06,818832
1466,818866,-8.727666692652194,nan,9009.6455078125,1e-06,818866
1467,818901,-8.865229822219787,nan,13605.8994140625,1e-06,818901
1468,818937,-8.736480611815644,nan,15395.126953125,1e-06,818937
1469,819026,-9.0866117380501,nan,14378.72265625,1e-06,819026
1470,819068,-8.609580937172064,nan,11457.3984375,1e-06,819068
1471,819172,-9.254115073930274,nan,12608.478515625,1e-06,819172
1472,819264,-8.718181837626506,nan,11156.5,1e-06,819264
1473,819659,12.964709717124045,nan,12524.9111328125,1e-06,819659
1474,819697,-6.219598029204245,nan,14742.99609375,1e-06,819697
1475,821297,305.88394942110887,nan,14596.712890625,1e-06,821297
1476,822897,374.1010234674047,nan,8340.84765625,1e-06,822897
1477,822937,-4.952406659339882,nan,16611.634765625,1e-06,822937
1478,824537,387.08043418913564,nan,13830.740234375,1e-06,824537
1479,826137,390.91193651581324,nan,9281.849609375,1e-06,826137
1480,827737,387.49401572411716,nan,9414.505859375,1e-06,827737
1481,827789,-1.096106549906862,nan,10457.11328125,1e-06,827789
1482,829389,388.9532504492763,nan,11459.2109375,1e-06,829389
1483,830989,381.9138048361792,nan,12665.908203125,1e-06,830989
1484,832589,377.22753644073373,nan,11729.4443359375,1e-06,832589
1485,834189,375.8868163190609,nan,5446.869140625,1e-06,834189
1486,835789,376.9265766853317,nan,11876.0029296875,1e-06,835789
1487,837389,381.25361420847764,nan,9807.66015625,1e-06,837389
1488,838989,379.93100148096914,nan,9555.68359375,1e-06,838989
1489,840589,391.20269708995266,nan,9443.9140625,1e-06,840589
1490,842189,397.2515798283753,nan,9696.388671875,1e-06,842189
1491,843789,380.4488339788543,nan,11455.46484375,1e-06,843789
1492,843830,-5.695661139071642,nan,10273.48046875,1e-06,843830
1493,843869,-8.367605241314386,nan,7678.80908203125,1e-06,843869
1494,843920,-11.68292961933683,nan,9101.0068359375,1e-06,843920
1495,843961,-9.236841572818294,nan,9050.193359375,1e-06,843961
1496,844007,-11.299259267438199,nan,12728.076171875,1e-06,844007
1497,844052,-11.451165102889819,nan,7765.6787109375,1e-06,844052
1498,844093,-10.540264390886968,nan,7543.130859375,1e-06,844093
1499,844132,-9.804920622719012,nan,13905.1552734375,1e-06,844132
1500,844170,-10.00903025803162,nan,8106.11474609375,1e-06,844170
